id,bild,name,kartengruppe,deck_bereich,hauptattribut,kartentyp,entwicklungskarte,grundkarte_bild,fraktion,stufe,klasse,bereich,untertyp,material,nebenattribute,herzen,physische_staerke,astrale_staerke,physischer_schild,astraler_schild,ehre,wunder,effekte,tags,effekt_symbol,effekt_zaehler_max,effekt_dauer_kr,effekt_text,kreatur
1.04-01-32-f3d2e6a0,Zuflucht/1.04-01-32-f3d2e6a0.webp,Zauberkessel Sternenwacht,Zuflucht,zuflucht,ZUFLUCHT,Zuflucht,False,,Astralwelt,1,,,,,[],6,0,0,0,0,0,"{""kosten_ehre"": 2, ""effekt_text"": ""Ziehe eine Karte von einem der Hauptstapel.""}","[{""typ"": ""angriffsregel"", ""trigger"": ""Ansturmphase"", ""effekt_text"": ""Diese Zuflucht kann nur angreifen, wenn auf der eigenen Spielfeldseite keine Bezwingerin vorhanden ist.""}]","[""angriff_nur_ohne_eigene_bezwingerin"", ""zuflucht""]",,,,,
1.04-17-32-a4e9b502,Zuflucht/1.04-17-32-a4e9b502.webp,Sanctum Lysandor,Zuflucht,zuflucht,ZUFLUCHT,Zuflucht,False,,Astralwelt,1,,,,,[],6,0,0,0,0,0,"{""kosten_ehre"": 2, ""effekt_text"": ""Ziehe eine Karte von einem der Hauptstapel.""}","[{""typ"": ""angriffsregel"", ""trigger"": ""Ansturmphase"", ""effekt_text"": ""Diese Zuflucht kann nur angreifen, wenn auf der eigenen Spielfeldseite keine Bezwingerin vorhanden ist.""}]","[""angriff_nur_ohne_eigene_bezwingerin"", ""zuflucht""]",,,,,
1.01-01-32-09907f26,Zuflucht/1.01-01-32-09907f26.webp,Glut des Morgens,Zuflucht,zuflucht,ZUFLUCHT,Zuflucht,False,,Mittelwelt,1,,,,,[],6,0,0,0,0,0,"{""kosten_ehre"": 2, ""effekt_text"": ""Ziehe eine Karte von einem der Hauptstapel.""}","[{""typ"": ""angriffsregel"", ""trigger"": ""Ansturmphase"", ""effekt_text"": ""Diese Zuflucht kann nur angreifen, wenn auf der eigenen Spielfeldseite keine Bezwingerin vorhanden ist.""}]","[""angriff_nur_ohne_eigene_bezwingerin"", ""zuflucht""]",,,,,
1.01-17-32-aab9521d,Zuflucht/1.01-17-32-aab9521d.webp,Bastion Fernstille,Zuflucht,zuflucht,ZUFLUCHT,Zuflucht,False,,Mittelwelt,1,,,,,[],6,0,0,0,0,0,"{""kosten_ehre"": 2, ""effekt_text"": ""Ziehe eine Karte von einem der Hauptstapel.""}","[{""typ"": ""angriffsregel"", ""trigger"": ""Ansturmphase"", ""effekt_text"": ""Diese Zuflucht kann nur angreifen, wenn auf der eigenen Spielfeldseite keine Bezwingerin vorhanden ist.""}]","[""angriff_nur_ohne_eigene_bezwingerin"", ""zuflucht""]",,,,,
1.03-11-32-69f1d5d9,Zuflucht/1.03-11-32-69f1d5d9.webp,Das strahlende Schloss Kaizer,Zuflucht,zuflucht,ZUFLUCHT,Zuflucht,False,,Oberwelt,1,,,,,[],6,0,0,0,0,0,"{""kosten_ehre"": 2, ""effekt_text"": ""Ziehe eine Karte von einem der Hauptstapel.""}","[{""typ"": ""angriffsregel"", ""trigger"": ""Ansturmphase"", ""effekt_text"": ""Diese Zuflucht kann nur angreifen, wenn auf der eigenen Spielfeldseite keine Bezwingerin vorhanden ist.""}]","[""angriff_nur_ohne_eigene_bezwingerin"", ""zuflucht""]",,,,,
1.03-22-32-0d7d0d97,Zuflucht/1.03-22-32-0d7d0d97.webp,Wiederbelebungsapparatur,Zuflucht,zuflucht,ZUFLUCHT,Zuflucht,False,,Oberwelt,1,,,,,[],6,0,0,0,0,0,"{""kosten_ehre"": 2, ""effekt_text"": ""Ziehe eine Karte von einem der Hauptstapel.""}","[{""typ"": ""angriffsregel"", ""trigger"": ""Ansturmphase"", ""effekt_text"": ""Diese Zuflucht kann nur angreifen, wenn auf der eigenen Spielfeldseite keine Bezwingerin vorhanden ist.""}]","[""angriff_nur_ohne_eigene_bezwingerin"", ""zuflucht""]",,,,,
1.02-11-32-fb6715c3,Zuflucht/1.02-11-32-fb6715c3.webp,Infernalia Unterweltportal,Zuflucht,zuflucht,ZUFLUCHT,Zuflucht,False,,Unterwelt,1,,,,,[],6,0,0,0,0,0,"{""kosten_ehre"": 2, ""effekt_text"": ""Ziehe eine Karte von einem der Hauptstapel.""}","[{""typ"": ""angriffsregel"", ""trigger"": ""Ansturmphase"", ""effekt_text"": ""Diese Zuflucht kann nur angreifen, wenn auf der eigenen Spielfeldseite keine Bezwingerin vorhanden ist.""}]","[""angriff_nur_ohne_eigene_bezwingerin"", ""zuflucht""]",,,,,
1.02-22-32-e327b014,Zuflucht/1.02-22-32-e327b014.webp,Mausoleum der Rachsucht,Zuflucht,zuflucht,ZUFLUCHT,Zuflucht,False,,Unterwelt,1,,,,,[],6,0,0,0,0,0,"{""kosten_ehre"": 2, ""effekt_text"": ""Ziehe eine Karte von einem der Hauptstapel.""}","[{""typ"": ""angriffsregel"", ""trigger"": ""Ansturmphase"", ""effekt_text"": ""Diese Zuflucht kann nur angreifen, wenn auf der eigenen Spielfeldseite keine Bezwingerin vorhanden ist.""}]","[""angriff_nur_ohne_eigene_bezwingerin"", ""zuflucht""]",,,,,
1.05-01-32-0cb157b6,Zuflucht/1.05-01-32-0cb157b6.webp,Genova Toshi,Zuflucht,zuflucht,ZUFLUCHT,Zuflucht,False,,Zwischenwelt,1,,,,,[],6,0,0,0,0,0,"{""kosten_ehre"": 2, ""effekt_text"": ""Ziehe eine Karte von einem der Hauptstapel.""}","[{""typ"": ""angriffsregel"", ""trigger"": ""Ansturmphase"", ""effekt_text"": ""Diese Zuflucht kann nur angreifen, wenn auf der eigenen Spielfeldseite keine Bezwingerin vorhanden ist.""}]","[""angriff_nur_ohne_eigene_bezwingerin"", ""zuflucht""]",,,,,
1.05-17-32-4bfcb0ce,Zuflucht/1.05-17-32-4bfcb0ce.webp,Die Spitze der Herrschaft Khar Zirah,Zuflucht,zuflucht,ZUFLUCHT,Zuflucht,False,,Zwischenwelt,1,,,,,[],6,0,0,0,0,0,"{""kosten_ehre"": 2, ""effekt_text"": ""Ziehe eine Karte von einem der Hauptstapel.""}","[{""typ"": ""angriffsregel"", ""trigger"": ""Ansturmphase"", ""effekt_text"": ""Diese Zuflucht kann nur angreifen, wenn auf der eigenen Spielfeldseite keine Bezwingerin vorhanden ist.""}]","[""angriff_nur_ohne_eigene_bezwingerin"", ""zuflucht""]",,,,,
1.04-03-32-aa7ee080,Bezwingerin/1.04-03-32-aa7ee080.webp,Die ungezähmte Flamme Saphira,Bezwingerin,bezwingerinnen,BEZWINGERIN,Bezwingerin,False,,Astralwelt,1,Magierin,,,,[],2,0,1,0,0,0,,[],"[""storytext""]",none,,,,
1.04-04-32-922770d8,Bezwingerin/1.04-04-32-922770d8.webp,Die Ewige Evelyn,Bezwingerin,bezwingerinnen,BEZWINGERIN,Bezwingerin,False,,Astralwelt,1,Heilerin,,,,[],2,1,0,1,0,0,"{""kosten_ehre"": 2, ""text"": ""Tausche 3 Berserkermarken gegen 1 Herz und füge es Evelyn hinzu.""}","[{""trigger"": ""wonder"", ""engine_key"": ""evelyn"", ""berserker_marks_cost"": 3, ""hearts_plus"": 1}, {""trigger"": ""combat_end"", ""engine_key"": ""evelyn_berserker"", ""berserker_marks_plus"": 1}]","[""wunder"", ""berserkermarke"", ""kampfende"", ""herz""]",wonder,,,Tausche 3 Berserkermarken gegen 1 Herz und füge es Evelyn hinzu. Für jeden durchgeführten Kampf mit Evelyn erhält sie 1 Berserkermarke am Ende der Kampfphase.,
1.04-05-32-be771e84,Bezwingerin/1.04-05-32-be771e84.webp,D.E.A.T.H.,Bezwingerin,bezwingerinnen,BEZWINGERIN,Bezwingerin,False,,Fraktionslos,1,Assassine,,,,[],1,1,0,1,1,0,,"[{""trigger"": ""on_play"", ""engine_key"": ""death"", ""primary_attack_uses"": 1, ""activation_phase"": ""rush"", ""duration"": ""one_combat""}]","[""fraktionslos"", ""ausspieleffekt"", ""primärangriff"", ""einmalig""]",on_play,,,"Diese Bezwingerin erhält einmalig für einen Kampf einen Primärangriff. Du entscheidest, in welcher Kampfrunde du diesen Effekt aktivieren möchtest; allerdings muss der Effekt in der Ansturmphase aktiviert werden.",
1.04-19-32-426aa886,Bezwingerin/1.04-19-32-426aa886.webp,Lebende Waffenbändigerin Keyla Dorn,Bezwingerin,bezwingerinnen,BEZWINGERIN,Bezwingerin,False,,Astralwelt,1,Beschützerin,,,,[],3,1,0,0,0,0,,"[{""trigger"": ""on_play"", ""engine_key"": ""keyla"", ""optional"": true, ""source"": ""own_ruestkammer_stack"", ""kartentyp"": ""Reliquie"", ""untertyp"": ""Astralfragment"", ""destination"": ""hand"", ""preserve_stack_order"": true}]","[""ausspieleffekt"", ""ruestkammer_suche"", ""reliquie"", ""astralfragment""]",on_play,,,Du kannst dir aus dem Rüstkammer-Stapel eine RELIQUIE vom Typ ASTRALFRAGMENT suchen und diese auf deine Hand nehmen.,
1.04-20-32-0c8013b6,Bezwingerin/1.04-20-32-0c8013b6.webp,Die brillante Magistratin Strikelyn,Bezwingerin,bezwingerinnen,BEZWINGERIN,Bezwingerin,False,,Astralwelt,1,Kriegerin,,,,[],2,1,0,0,2,0,,"[{""trigger"": ""charges"", ""text"": ""Wähle eine Bezwingerin: Bis zum Beginn deiner nächsten Versorgungsphase kann sie nicht als Ziel gegnerischer ASTRAL-Spruch- oder Gegenstandskarten gewählt werden. Alternativ verbrauche 2 Ladungen: Der Effekt gilt auch für Gebote."", ""engine_key"": ""strikelyn""}]",[],charges,2,,Wähle eine Bezwingerin: Bis zum Beginn deiner nächsten Versorgungsphase kann sie nicht als Ziel gegnerischer ASTRAL-Spruch- oder Gegenstandskarten gewählt werden. Alternativ verbrauche 2 Ladungen: Der Effekt gilt auch für Gebote.,
1.04-21-32-a0ad6302,Bezwingerin/1.04-21-32-a0ad6302.webp,Wurzelpein Gebieterin Psilo Cybe,Bezwingerin,bezwingerinnen,BEZWINGERIN,Bezwingerin,False,,Astralwelt,1,Unterstützerin,,,,[],2,0,1,1,0,0,"{""kosten_ehre"": 2, ""text"": ""Du kannst einer KREATUR für diese Kampfrunde 1 physische Stärke hinzufügen, jedoch nur für einen Kampf.""}","[{""trigger"": ""wonder"", ""engine_key"": ""psilo"", ""target"": ""any_open_creature"", ""physical_bonus"": 1, ""expires"": ""end_of_current_round"", ""consume_on_combat"": true}]","[""wunder"", ""kreatur"", ""temporäre_physische_stärke"", ""ein_kampf""]",wonder,,,"Du kannst einer KREATUR für diese Kampfrunde 1 physische Stärke hinzufügen, jedoch nur für einen Kampf.",
1.01-03-32-ff9fdb25,Bezwingerin/1.01-03-32-ff9fdb25.webp,Die Unbeugsame Heldin Jeanne d'Arque,Bezwingerin,bezwingerinnen,BEZWINGERIN,Bezwingerin,False,,Mittelwelt,1,Beschützerin,,,,[],2,1,0,1,0,0,,"[{""trigger"": ""permanent"", ""engine_key"": ""jeanne_taunt"", ""forced_attackers"": 1}]","[""permanent"", ""zielzwang""]",permanent,,,"Die erste gegnerische Bezwingerin, die kämpft, muss Jeanne d'Arque angreifen, falls möglich.",
1.01-04-32-6c8c7d2d,Bezwingerin/1.01-04-32-6c8c7d2d.webp,Die verschlingende Flut Calypso,Bezwingerin,bezwingerinnen,BEZWINGERIN,Bezwingerin,False,,Mittelwelt,1,Assassine,,,,[],2,1,0,0,0,1,,"[{""trigger"": ""on_play"", ""engine_key"": ""calypso"", ""no_deployment_delay"": true, ""no_enemy_refuge_current_round"": true}]","[""ausspieleffekt"", ""keine_einsatzverzögerung""]",on_play,,,Calypso hat keine Einsatzverzögerung. In dieser Kampfrunde darf sie die gegnerische Zuflucht nicht als Angriffsziel wählen.,
1.01-05-32-07ee4a59,Bezwingerin/1.01-05-32-07ee4a59.webp,Z.E.R.O. ATK,Bezwingerin,bezwingerinnen,BEZWINGERIN,Bezwingerin,False,,Fraktionslos,1,Unterstützerin,,,,[],1,1,0,1,1,0,,[],"[""fraktionslos"", ""storytext""]",none,,,,
1.01-19-32-f22d48d8,Bezwingerin/1.01-19-32-f22d48d8.webp,Die Quelle der Reinheit Amelia,Bezwingerin,bezwingerinnen,BEZWINGERIN,Bezwingerin,False,,Mittelwelt,1,Magierin,,,,[],2,1,0,1,0,0,,"[{""trigger"": ""on_play"", ""engine_key"": ""amelia"", ""resource"": ""astralShield"", ""amount"": -1}]","[""ausspieleffekt"", ""astralschild"", ""gegenüber""]",on_play,,,Die gegnerische Bezwingerin direkt gegenüber Amelia verliert 1 ASTRAL-Schild.,
1.01-20-32-62cd298b,Bezwingerin/1.01-20-32-62cd298b.webp,Die Säule des Lebens Talisia,Bezwingerin,bezwingerinnen,BEZWINGERIN,Bezwingerin,False,,Mittelwelt,1,Heilerin,,,,[],2,1,0,1,0,0,"{""kosten_ehre"": 2, ""effekt_text"": ""Ziehe von einer eigenen Bezwingerin oder der eigenen Zuflucht 1 ASTRAL-Schild ab, wandle ihn in 1 Herz um und füge dieses einer beliebigen eigenen Bezwingerin hinzu.""}","[{""trigger"": ""wonder"", ""engine_key"": ""talisia1"", ""cost_honor"": 2}]","[""wunder"", ""heilung"", ""astralschild""]",wonder,,,"Ziehe von einer eigenen Bezwingerin oder der eigenen Zuflucht 1 ASTRAL-Schild ab, wandle ihn in 1 Herz um und füge dieses einer beliebigen eigenen Bezwingerin hinzu.",
1.01-21-32-9c26c16c,Bezwingerin/1.01-21-32-9c26c16c.webp,Der schneidende Wind Mira Masako,Bezwingerin,bezwingerinnen,BEZWINGERIN,Bezwingerin,False,,Mittelwelt,1,Kriegerin,,,,"[""Chikara-Clan""]",3,1,0,0,0,0,,"[{""trigger"": ""on_play"", ""engine_key"": ""mira"", ""expires"": ""source_next_supply_start""}]","[""ausspieleffekt"", ""einsatzverzögerung"", ""chikara-clan""]",on_play,,,Wähle eine gegnerische Bezwingerin. Bringe sie in die Einsatzverzögerung. Sie muss bis zum Beginn deiner nächsten Versorgungsphase in der Einsatzverzögerung bleiben.,
1.03-13-32-c61a0eda,Bezwingerin/1.03-13-32-c61a0eda.webp,Die glorreiche Eroberin Martha Kaizer,Bezwingerin,bezwingerinnen,BEZWINGERIN,Bezwingerin,False,,Oberwelt,1,Kriegerin,,,,[],2,1,0,1,1,0,,"[{""trigger"": ""on_play"", ""engine_key"": ""martha"", ""condition"": ""no_opposing_bez_or_opposing_hearts_lte_self"", ""resource"": ""honor"", ""amount"": 1}]","[""ausspieleffekt"", ""gegenueber"", ""ehre""]",on_play,,,"Falls beim Rekrutieren keine gegnerische Bezwingerin gegenübersteht oder die gegenüberliegende gegnerische Bezwingerin gleich viele oder weniger Herzen hat, erhält Martha 1 Ehre.",
1.03-14-32-a55b62d5,Bezwingerin/1.03-14-32-a55b62d5.webp,Die Schöpferin Cassandra,Bezwingerin,bezwingerinnen,BEZWINGERIN,Bezwingerin,False,,Oberwelt,1,Heilerin,,,,[],3,0,1,0,0,0,"{""kosten_ehre"": 3, ""text"": ""Füge einer eigenen Bezwingerin 1 Herz hinzu.""}","[{""trigger"": ""wonder"", ""engine_key"": ""cassandra"", ""target"": ""own_bez"", ""resource"": ""hearts"", ""amount"": 1}]","[""wunder"", ""herz"", ""eigene_bezwingerin""]",wonder,,,Füge einer eigenen Bezwingerin 1 Herz hinzu.,
1.03-15-32-8f475f93,Bezwingerin/1.03-15-32-8f475f93.webp,Das Gift von Babylon Zahira Semiramis,Bezwingerin,bezwingerinnen,BEZWINGERIN,Bezwingerin,False,,Oberwelt,1,Unterstützerin,,,,[],2,0,1,1,0,0,"{""kosten_ehre"": 1, ""text"": ""Füge einer anderen eigenen Bezwingerin 1 Ehre hinzu.""}","[{""trigger"": ""wonder"", ""engine_key"": ""zahira"", ""target"": ""other_own_bez"", ""resource"": ""honor"", ""amount"": 1}]","[""wunder"", ""ehre"", ""andere_eigene_bezwingerin""]",wonder,,,Füge einer anderen eigenen Bezwingerin 1 Ehre hinzu.,
1.03-24-32-a280cfe8,Bezwingerin/1.03-24-32-a280cfe8.webp,Q.U.E.E.N.,Bezwingerin,bezwingerinnen,BEZWINGERIN,Bezwingerin,False,,Fraktionslos,1,Heilerin,,,,[],1,0,1,2,1,0,,"[{""trigger"": ""on_play"", ""engine_key"": ""queen"", ""source"": ""own_bez_stack"", ""names"": [""Z.E.R.O. ATK"", ""Z.E.R.O. ASTRAL""], ""destination"": ""hand"", ""preserve_stack_order"": true}]","[""fraktionslos"", ""ausspieleffekt"", ""bezwingerinnen_stapel"", ""zero""]",on_play,,,Füge deiner Hand eine Z.E.R.O. ATK oder Z.E.R.O. ASTRAL aus dem eigenen Bezwingerinnen-Stapel hinzu.,
1.03-25-32-c8153e7a,Bezwingerin/1.03-25-32-c8153e7a.webp,Der unsichtbare Untergang Menia,Bezwingerin,bezwingerinnen,BEZWINGERIN,Bezwingerin,False,,Oberwelt,1,Assassine,,,,[],2,1,0,0,1,0,,"[{""trigger"": ""on_play"", ""engine_key"": ""menia"", ""optional"": true, ""source"": ""own_ruestkammer_stack"", ""criterion"": {""untertyp"": ""Dolch""}, ""equip_to"": ""self"", ""persistent"": true, ""preserve_stack_order"": true}]","[""ausspieleffekt"", ""ruestkammer_suche"", ""dolch"", ""dauerhaft_ausruesten""]",on_play,,,"Du kannst dir aus dem Rüstkammer-Stapel einen DOLCH suchen und Menia dauerhaft damit ausrüsten, falls möglich.",
1.03-26-32-a941d44f,Bezwingerin/1.03-26-32-a941d44f.webp,S.H.I.E.L.D.,Bezwingerin,bezwingerinnen,BEZWINGERIN,Bezwingerin,False,,Fraktionslos,1,Beschützerin,,,,[],1,1,0,2,1,0,,"[{""trigger"": ""on_play"", ""engine_key"": ""shield"", ""target"": ""other_own_bez"", ""resource"": ""physicalShield"", ""amount"": 1}]","[""fraktionslos"", ""ausspieleffekt"", ""anderes_eigenes_ziel"", ""physischer_schild""]",on_play,,,Füge einer anderen eigenen Bezwingerin 1 physischen Schild hinzu.,
1.02-13-32-a55290d6,Bezwingerin/1.02-13-32-a55290d6.webp,Die grausame Usurpatorin Baronesse Effrayer,Bezwingerin,bezwingerinnen,BEZWINGERIN,Bezwingerin,False,,Unterwelt,1,Kriegerin,,,,[],3,1,0,0,0,0,,"[{""trigger"": ""on_play"", ""engine_key"": ""baronesse"", ""requires_other_own_subtype"": ""Vengeresse"", ""target"": ""self"", ""honor_gain"": 1}]","[""vengeresse""]",on_play,,,"Wenn du diese Bezwingerin rekrutierst und sich bereits eine andere Vengeresse-Bezwingerin auf deiner Spielfeldseite befindet, erhält diese Bezwingerin 1 Ehre.",
1.02-14-32-08775875,Bezwingerin/1.02-14-32-08775875.webp,Die Bestie Alice Merveilleux,Bezwingerin,bezwingerinnen,BEZWINGERIN,Bezwingerin,False,,Unterwelt,1,Assassine,,,,[],2,1,0,0,0,1,,"[{""trigger"": ""on_play"", ""engine_key"": ""alice"", ""counterattack_dodge_uses"": 1, ""activation_phase"": ""supply""}]","[""vengeresse""]",on_play,,,"Diese Bezwingerin kann einmalig einem Gegenangriff ausweichen. Du kannst entscheiden, in welcher deiner Kampfrunden du diesen Effekt aktivieren möchtest; allerdings muss der Effekt in deiner Versorgungsphase aktiviert werden.",
1.02-15-32-da3f87a2,Bezwingerin/1.02-15-32-da3f87a2.webp,Z.E.R.O. ASTRAL,Bezwingerin,bezwingerinnen,BEZWINGERIN,Bezwingerin,False,,Fraktionslos,1,Magierin,,,,[],1,0,1,1,1,0,,[],"[""fraktionslos"", ""storytext""]",none,,,,
1.02-24-32-96bd7e4f,Bezwingerin/1.02-24-32-96bd7e4f.webp,Die oberste Heilpriesterin Lilou Guerir,Bezwingerin,bezwingerinnen,BEZWINGERIN,Bezwingerin,False,,Unterwelt,1,Heilerin,,,,[],2,1,0,0,1,0,,[],"[""vengeresse""]",none,,,,
1.02-25-32-8d1099b4,Bezwingerin/1.02-25-32-8d1099b4.webp,Die stille Zerstörung Arcadia,Bezwingerin,bezwingerinnen,BEZWINGERIN,Bezwingerin,False,,Unterwelt,1,Beschützerin,,,,[],2,1,0,1,0,0,,"[{""trigger"": ""duration"", ""engine_key"": ""arcadia"", ""duration_rounds"": 3, ""force_first_enemy_bez_attack"": true, ""force_target_self"": true, ""force_attack_type"": ""physical""}]",[],duration,,3,"Die erste gegnerische Bezwingerin, die kämpft, muss Arcadia mit der physischen Angriffsart angreifen, falls möglich.",
1.02-26-32-14091659,Bezwingerin/1.02-26-32-14091659.webp,Die unendliche Versuchung Lilith,Bezwingerin,bezwingerinnen,BEZWINGERIN,Bezwingerin,False,,Unterwelt,1,Unterstützerin,,,,"[""Chikara-Clan""]",2,1,0,0,0,1,,"[{""trigger"": ""on_play"", ""engine_key"": ""lilith"", ""target"": ""opposing_bez"", ""honor_delta"": -1, ""allow_negative_honor"": true}]","[""chikara-clan""]",on_play,,,"Die gegnerische Bezwingerin, die sich gegenüber dieser Lilith befindet, wird um 1 Ehre verringert. Negative Ehre-Werte sind ebenfalls erlaubt.",
1.05-03-32-8b1bc93e,Bezwingerin/1.05-03-32-8b1bc93e.webp,Rebellin der Leere Trix Sigma,Bezwingerin,bezwingerinnen,BEZWINGERIN,Bezwingerin,False,,Zwischenwelt,1,Kriegerin,,,,[],3,1,0,0,0,0,,"[{""trigger"": ""on_play"", ""engine_key"": ""trix"", ""azr_count_rewards"": {""2"": {""honor"": 1}, ""3"": {""honor"": 2}}}]",[],on_play,,,Entsprechend der Anzahl eigener Karten in deiner Astral-Rüstkammer-Zone erhält diese Bezwingerin: 2 Karten = 1 Ehre; 3 Karten = 2 Ehre.,
1.05-04-32-4607b556,Bezwingerin/1.05-04-32-4607b556.webp,Stahlherz des Clans Skorpia Masako,Bezwingerin,bezwingerinnen,BEZWINGERIN,Bezwingerin,False,,Zwischenwelt,1,Beschützerin,,,,"[""Chikara-Clan""]",2,1,0,1,0,0,,"[{""trigger"": ""on_play"", ""engine_key"": ""skorpia"", ""azr_count_choice"": true}]","[""chikara-clan""]",on_play,,,"Entsprechend der Anzahl eigener Karten in deiner Astral-Rüstkammer-Zone erhält diese Bezwingerin: 2 Karten = 1 physischer oder 1 ASTRAL-Schild; 3 Karten = 1 Ehre, zusätzlich 1 physischer oder 1 ASTRAL-Schild.",
1.05-06-32-7d205dbd,Bezwingerin/1.05-06-32-7d205dbd.webp,Z.E.R.O. P.O.L.I.C.E.,Bezwingerin,bezwingerinnen,BEZWINGERIN,Bezwingerin,False,,Fraktionslos,1,Unterstützerin,,,,[],1,0,1,1,1,1,,"[{""trigger"": ""permanent"", ""engine_key"": ""zero_police"", ""first_enemy_bez_attack_tax"": 1}]","[""fraktionslos"", ""permanent"", ""angriffskosten"", ""ehre""]",permanent,,,"Die erste gegnerische Bezwingerin, die angreifen möchte, muss 1 Ehre zahlen, um angreifen zu können.",
1.05-19-32-6137cea7,Bezwingerin/1.05-19-32-6137cea7.webp,Pharaonin der Zeit Thal Ziris,Bezwingerin,bezwingerinnen,BEZWINGERIN,Bezwingerin,False,,Zwischenwelt,1,Magierin,,,,[],2,0,1,1,0,0,,"[{""trigger"": ""on_play"", ""engine_key"": ""thal"", ""ziel_besitzer"": ""eigen"", ""aenderung_kampfrundendauer"": [-1, 1], ""eigene_waffen_ausgeschlossen"": true}]",[],on_play,,,Erhöhe oder verringere die aktuelle Kampfrundendauer einer eigenen Karte um 1 (nicht bei eigenen Waffen).,
1.05-20-32-52249a2e,Bezwingerin/1.05-20-32-52249a2e.webp,Geißel der Galaxie Nemesis,Bezwingerin,bezwingerinnen,BEZWINGERIN,Bezwingerin,False,,Zwischenwelt,1,Heilerin,,,,[],2,1,0,1,0,0,"{""kosten_ehre"": 3, ""text"": ""Erzeuge einen Mornak-Brut-Token. Solange mindestens eine eigene Mornak-Brut auf dem Spielfeld liegt, kostet dieses Wunder 1 Ehre weniger.""}","[{""trigger"": ""wonder"", ""engine_key"": ""nemesis"", ""token"": ""Mornak - Brut"", ""base_cost"": 3, ""discount_if_own_mornak"": 1}]",[],wonder,,,"Erzeuge einen Token, der eine Kopie der Karte „Mornak - Brut“ ist. Spiele ihn, wenn möglich, in deinen PRIMÄR-, SEKUNDÄR- oder freien ASTRAL-Rüstkammer-Bereich. Solange eine oder mehrere deiner Karten oder Token mit dem Namen „Mornak - Brut“ auf dem Spielfeld liegen, kostet das Wunder 1 Ehre weniger.",
1.05-21-32-97e5c324,Bezwingerin/1.05-21-32-97e5c324.webp,Die Weltenwanderin Serinith Solthar,Bezwingerin,bezwingerinnen,BEZWINGERIN,Bezwingerin,False,,Zwischenwelt,1,Assassine,,,,[],2,0,1,0,1,1,,"[{""trigger"": ""charges"", ""engine_key"": ""serinith"", ""max_uses"": 2, ""once_per_round"": true, ""conversion"": ""astral_physical_shield""}]",[],charges,2,,Wandle von dieser Bezwingerin 1 ASTRAL-Schild in 1 physischen Schild um oder umgekehrt.,
1.04-07-32-a29c94aa,Astralkammer/1.04-07-32-a29c94aa.webp,Meteorsturm,Astralkammer,astral,ASTRAL,ASTRAL-Spruch,False,,Astralwelt,1,,Sekundär,,,"[""Portal""]",2,0,0,0,0,1,,[],[],,,,,
1.04-08-32-40cf360e,Astralkammer/1.04-08-32-40cf360e.webp,Ehrenlos,Astralkammer,astral,ASTRAL,ASTRAL-Spruch,False,,Astralwelt,1,,,,,[],,,,,,,,[],[],,,,,
1.04-09-32-c84175a5,Astralkammer/1.04-09-32-c84175a5.webp,Feiertag,Astralkammer,astral,ASTRAL,ASTRAL-Spruch,False,,Astralwelt,1,,,,,[],,,,,,,,[],[],,,,,
1.04-10-32-fdafcd30,Astralkammer/1.04-10-32-fdafcd30.webp,Saphiras Upsi,Astralkammer,astral,ASTRAL,ASTRAL-Spruch,False,,Astralwelt,1,,,,,[],,,,,,,,[],[],,,,,
1.04-11-32-fee6ef97,Astralkammer/1.04-11-32-fee6ef97.webp,Siegel der Kampfschwäche,Astralkammer,astral,ASTRAL,ASTRAL-Spruch,False,,Astralwelt,1,,,,,"[""Siegel""]",,,,,,,,[],[],,,,,
1.04-23-32-1bf37330,Astralkammer/1.04-23-32-1bf37330.webp,Zeitsprung,Astralkammer,astral,ASTRAL,ASTRAL-Gebot,False,,Astralwelt,1,,,,,[],,,,,,,,[],[],,,,,
1.04-24-32-49f789b3,Astralkammer/1.04-24-32-49f789b3.webp,Siegel der Astralschwäche,Astralkammer,astral,ASTRAL,ASTRAL-Spruch,False,,Astralwelt,1,,,,,"[""Siegel""]",,,,,,,,[],[],,,,,
1.04-25-32-19c01b1f,Astralkammer/1.04-25-32-19c01b1f.webp,Wunderunterdrückung,Astralkammer,astral,ASTRAL,ASTRAL-Spruch,False,,Astralwelt,1,,,,,[],,,,,,,,[],[],,,,,
1.04-26-32-06df567e,Astralkammer/1.04-26-32-06df567e.webp,Verwüstung,Astralkammer,astral,ASTRAL,ASTRAL-Spruch,False,,Astralwelt,1,,,,,"[""Wurm""]",,,,,,,,[],[],,,,,
1.04-27-32-a5709fac,Astralkammer/1.04-27-32-a5709fac.webp,Wurzelpeinverschlinger,Astralkammer,astral,ASTRAL,ASTRAL-Karte,False,,Astralwelt,1,,Primär,,,"[""Wurm""]",2,0,0,0,0,0,,[],[],,,,,
1.01-07-32-03e63bf8,Astralkammer/1.01-07-32-03e63bf8.webp,Unerwarteter Reichtum,Astralkammer,astral,ASTRAL,ASTRAL-Spruch,False,,Mittelwelt,1,,,,,[],,,,,,,,[],[],,,,,
1.01-08-32-49edc2a7,Astralkammer/1.01-08-32-49edc2a7.webp,Beschützt die Bastion!,Astralkammer,astral,ASTRAL,ASTRAL-Spruch,False,,Mittelwelt,1,,,,,"[""Portal""]",,,,,,,,[],[],,,,,
1.01-09-32-cb99ac81,Astralkammer/1.01-09-32-cb99ac81.webp,Auszeichnung,Astralkammer,astral,ASTRAL,ASTRAL-Spruch,False,,Mittelwelt,1,,,,,[],,,,,,,,[],[],,,,,
1.01-10-32-67871311,Astralkammer/1.01-10-32-67871311.webp,Demoralisierung,Astralkammer,astral,ASTRAL,ASTRAL-Spruch,False,,Mittelwelt,1,,,,,[],,,,,,,,[],[],,,,,
1.01-11-32-5b16dd91,Astralkammer/1.01-11-32-5b16dd91.webp,Neutralisationssiegel,Astralkammer,astral,ASTRAL,ASTRAL-Spruch,False,,Mittelwelt,1,,,,,"[""Siegel""]",,,,,,,,[],[],,,,,
1.01-23-32-fe5608d0,Astralkammer/1.01-23-32-fe5608d0.webp,Legionsrüstung erscheine!,Astralkammer,astral,ASTRAL,ASTRAL-Spruch,False,,Mittelwelt,1,,,,,[],,,,,,,,[],[],,,,,
1.01-24-32-a1ff47d0,Astralkammer/1.01-24-32-a1ff47d0.webp,Bastion-Schutzbarriere,Astralkammer,astral,ASTRAL,ASTRAL-Spruch,False,,Mittelwelt,1,,,,,[],,,,,,,,[],[],,,,,
1.01-25-32-4f2b5034,Astralkammer/1.01-25-32-4f2b5034.webp,Dein Angriff scheitert!,Astralkammer,astral,ASTRAL,ASTRAL-Spruch,False,,Mittelwelt,1,,,,,[],,,,,,,,[],[],,,,,
1.01-26-32-d473c475,Astralkammer/1.01-26-32-d473c475.webp,Geheimtechnik Sprint-Angriff,Astralkammer,astral,ASTRAL,ASTRAL-Spruch,False,,Mittelwelt,1,,,,,"[""Chikara-Clan""]",,,,,,,,[],[],,,,,
1.01-27-32-ee4dce30,Astralkammer/1.01-27-32-ee4dce30.webp,Aufstieg,Astralkammer,astral,ASTRAL,ASTRAL-Gebot,False,,Mittelwelt,1,,,,,[],,,,,,,,[],[],,,,,
1.03-17-32-f817177a,Astralkammer/1.03-17-32-f817177a.webp,Aufforderung der S.H.I.E.L.D.,Astralkammer,astral,ASTRAL,ASTRAL-Spruch,False,,Oberwelt,1,,,,,[],,,,,,,,[],[],,,,,
1.03-18-32-74bd1fd5,Astralkammer/1.03-18-32-74bd1fd5.webp,Exekution,Astralkammer,astral,ASTRAL,ASTRAL-Spruch,False,,Oberwelt,1,,,,,[],,,,,,,,[],[],,,,,
1.03-19-32-62426e17,Astralkammer/1.03-19-32-62426e17.webp,Zweifache Bestrafung,Astralkammer,astral,ASTRAL,ASTRAL-Spruch,False,,Oberwelt,1,,,,,[],,,,,,,,[],[],,,,,
1.03-20-32-53222408,Astralkammer/1.03-20-32-53222408.webp,Überlegene Kriegsführung,Astralkammer,astral,ASTRAL,ASTRAL-Spruch,False,,Oberwelt,1,,,,,[],,,,,,,,[],[],,,,,
1.03-21-32-bc24b966,Astralkammer/1.03-21-32-bc24b966.webp,Wiederbelebungsapparatur Virus,Astralkammer,astral,ASTRAL,ASTRAL-Gebot,False,,Oberwelt,1,,Sekundär,,,"[""Virus""]",2,0,0,0,0,0,,[],[],,,,,
1.03-28-32-78f675f4,Astralkammer/1.03-28-32-78f675f4.webp,Bis zum bitteren Ende,Astralkammer,astral,ASTRAL,ASTRAL-Spruch,False,,Oberwelt,1,,,,,[],,,,,,,,[],[],,,,,
1.03-29-32-d939aab1,Astralkammer/1.03-29-32-d939aab1.webp,Kontrollierte Überlastung,Astralkammer,astral,ASTRAL,ASTRAL-Spruch,False,,Oberwelt,1,,,,,"[""Automata""]",,,,,,,,[],[],,,,,
1.03-30-32-7ded76d1,Astralkammer/1.03-30-32-7ded76d1.webp,Vollendete Rettungstechnik,Astralkammer,astral,ASTRAL,ASTRAL-Spruch,False,,Oberwelt,1,,,,,[],,,,,,,,[],[],,,,,
1.03-31-32-f10a85fa,Astralkammer/1.03-31-32-f10a85fa.webp,Rabe der Hoffnung Kiki,Astralkammer,astral,ASTRAL,ASTRAL-Karte,False,,Oberwelt,1,,Primär,,,"[""Rabe""]",2,0,0,0,0,0,,[],[],,,,,
1.03-32-32-fca1732d,Astralkammer/1.03-32-32-fca1732d.webp,Energieschildsynchronisation,Astralkammer,astral,ASTRAL,ASTRAL-Spruch,False,,Oberwelt,1,,,,,"[""Automata""]",,,,,,,,[],[],,,,,
1.02-17-32-53fde771,Astralkammer/1.02-17-32-53fde771.webp,Sofortige Zerstörung,Astralkammer,astral,ASTRAL,ASTRAL-Spruch,False,,Unterwelt,1,,,,,[],,,,,,,,[],[],,,,,
1.02-18-32-7a1953e6,Astralkammer/1.02-18-32-7a1953e6.webp,Lähmende Angst,Astralkammer,astral,ASTRAL,ASTRAL-Spruch,False,,Unterwelt,1,,,,,"[""Vengeresse""]",,,,,,,,[],[],,,,,
1.02-19-32-6812396b,Astralkammer/1.02-19-32-6812396b.webp,Vengeresse Vergeltung,Astralkammer,astral,ASTRAL,ASTRAL-Spruch,False,,Unterwelt,1,,,,,"[""Vengeresse""]",,,,,,,,[],[],,,,,
1.02-20-32-70faddfa,Astralkammer/1.02-20-32-70faddfa.webp,Parade Riposte!,Astralkammer,astral,ASTRAL,ASTRAL-Spruch,False,,Unterwelt,1,,,,,[],,,,,,,,[],[],,,,,
1.02-21-32-0585e891,Astralkammer/1.02-21-32-0585e891.webp,Begnadete Reflexe,Astralkammer,astral,ASTRAL,ASTRAL-Spruch,False,,Unterwelt,1,,,,,[],,,,,,,,[],[],,,,,
1.02-28-32-4919cb8e,Astralkammer/1.02-28-32-4919cb8e.webp,ASTRAL-Feuerball,Astralkammer,astral,ASTRAL,ASTRAL-Spruch,False,,Unterwelt,1,,,,,[],,,,,,,,[],[],,,,,
1.02-29-32-c16a8a54,Astralkammer/1.02-29-32-c16a8a54.webp,Keine Rüstung für Dich!,Astralkammer,astral,ASTRAL,ASTRAL-Spruch,False,,Unterwelt,1,,,,,[],,,,,,,,[],[],,,,,
1.02-30-32-04562de3,Astralkammer/1.02-30-32-04562de3.webp,Abstieg,Astralkammer,astral,ASTRAL,ASTRAL-Gebot,False,,Unterwelt,1,,,,,[],,,,,,,,[],[],,,,,
1.02-31-32-7df986e6,Astralkammer/1.02-31-32-7df986e6.webp,Lilou's Gabe,Astralkammer,astral,ASTRAL,ASTRAL-Spruch,False,,Unterwelt,1,,,,,[],,,,,,,,[],[],,,,,
1.02-32-32-c04e9575,Astralkammer/1.02-32-32-c04e9575.webp,Dornenwald,Astralkammer,astral,ASTRAL,ASTRAL-Karte,False,,Unterwelt,1,,Sekundär,,,"[""Wald""]",2,0,0,0,0,0,,[],[],,,,,
1.05-07-32-86ddc423,Astralkammer/1.05-07-32-86ddc423.webp,System Reset,Astralkammer,astral,ASTRAL,ASTRAL-Spruch,False,,Zwischenwelt,1,,,,,[],,,,,,,,[],[],,,,,
1.05-08-32-8ef64670,Astralkammer/1.05-08-32-8ef64670.webp,Portalgeschoss,Astralkammer,astral,ASTRAL,ASTRAL-Spruch,False,,Zwischenwelt,1,,,,,"[""Portal""]",,,,,,,,[],[],,,,,
1.05-09-32-eb218fe4,Astralkammer/1.05-09-32-eb218fe4.webp,Tauschportal,Astralkammer,astral,ASTRAL,ASTRAL-Spruch,False,,Zwischenwelt,1,,,,,"[""Portal""]",,,,,,,,[],[],,,,,
1.05-10-32-da4a30d4,Astralkammer/1.05-10-32-da4a30d4.webp,Nebel,Astralkammer,astral,ASTRAL,ASTRAL-Karte,False,,Zwischenwelt,1,,Sekundär,,,"[""Stadt""]",2,0,0,0,0,0,,[],[],,,,,
1.05-11-32-74768ae5,Astralkammer/1.05-11-32-74768ae5.webp,Überwachungssektor,Astralkammer,astral,ASTRAL,ASTRAL-Karte,False,,Zwischenwelt,1,,Sekundär,,,"[""Stadt""]",2,0,0,0,0,0,,[],[],,,,,
1.05-23-32-26ae9beb,Astralkammer/1.05-23-32-26ae9beb.webp,Zeitlose Unterwerfung,Astralkammer,astral,ASTRAL,ASTRAL-Spruch,False,,Zwischenwelt,1,,,,,[],,,,,,,,[],[],,,,,
1.05-25-32-c179b405,Astralkammer/1.05-25-32-c179b405.webp,Mornak - Brut,Astralkammer,astral,ASTRAL,ASTRAL-Karte,False,,Zwischenwelt,1,,Primär,Brut,,"[""Brut""]",1,0,0,0,0,0,,"[{""trigger"": ""permanent"", ""engine_key"": ""mornak_brut"", ""redirect_nemesis_damage"": true, ""alternate_areas"": [""secondary"", ""azr""]}]","[""brut""]",permanent,,,"Schaden, der „Geißel der Galaxie Nemesis“ zugefügt wird, kann auf diese Karte umgeleitet werden. Überschüssiger Schaden wird „Geißel der Galaxie Nemesis“ zugefügt. Du kannst diese Karte auch im SEKUNDÄR- oder in einem freien ASTRAL-Rüstkammer-Bereich spielen, falls möglich.",True
1.05-26-32-b63b093a,Astralkammer/1.05-26-32-b63b093a.webp,Strahl des Vergessens,Astralkammer,astral,ASTRAL,ASTRAL-Spruch,False,,Zwischenwelt,1,,,,,[],,,,,,,,[],[],,,,,
1.05-27-32-e5e1814c,Astralkammer/1.05-27-32-e5e1814c.webp,Exonova,Astralkammer,astral,ASTRAL,ASTRAL-Gebot,False,,Zwischenwelt,1,,,,,[],,,,,,,,[],[],,,,,
1.04-12-32-5ce2afb4,Rüstkammer/1.04-12-32-5ce2afb4.webp,Schattenfluchkralle,Rüstkammer,ruestkammer,RÜSTKAMMER,Waffe,False,,Astralwelt,1,,,Kralle,Eisen,[],,,,,,,,"[{""trigger"": ""after_combat_phase"", ""engine_key"": ""schattenfluchkralle_berserker"", ""target"": ""equipped_bez"", ""condition"": ""equipped_bez_participated_in_combat"", ""resource"": ""berserkerMarks"", ""amount"": 1, ""permanent_while_equipped"": true}]","[""berserkermarke"", ""kampfabschluss""]",permanent,,,"Wenn die ausgerüstete Bezwingerin einen Kampf durchführt, erhält sie nach Abschluss der Kampfphase 1 Berserkermarke.",
1.04-13-32-13781dbc,Rüstkammer/1.04-13-32-13781dbc.webp,Kristallharnisch,Rüstkammer,ruestkammer,RÜSTKAMMER,Rüstung,False,,Astralwelt,1,,,Harnisch,Kristall,[],,,,,,,,"[{""trigger"": ""continuous"", ""engine_key"": ""equipment_astral_shield"", ""target"": ""equipped_bez"", ""astralShield"": 1, ""permanent_while_equipped"": true}, {""trigger"": ""on_equip"", ""engine_key"": ""kristallharnisch_tausch"", ""target"": ""equipped_bez"", ""optional"": true, ""astral_delta"": -1, ""astralShield_delta"": 2}]","[""astral-schild"", ""permanent"", ""blitz"", ""optional""]","[""permanent"", ""on_play""]",,,"Füge der ausgerüsteten Bezwingerin 1 ASTRAL-Schild hinzu. Beim Ausspielen kannst du dieser Bezwingerin 1 ASTRAL-Stärke abziehen, um ihr 2 ASTRAL-Schilde hinzuzufügen.",
1.04-14-32-7168e6d1,Rüstkammer/1.04-14-32-7168e6d1.webp,Mantel der Stille Dunkelglanz,Rüstkammer,ruestkammer,RÜSTKAMMER,Rüstung,False,,Astralwelt,1,,,Mantel,Seide,[],,,,,,,,[],[],,,,,
1.04-15-32-eea6d3ee,Rüstkammer/1.04-15-32-eea6d3ee.webp,Wunderumwandlungsapparatur,Rüstkammer,ruestkammer,RÜSTKAMMER,Primär-Karte,False,,Astralwelt,1,,Primär,Apparatur,,[],2,0,0,0,0,0,"{""kosten_ehre"": 1, ""text"": ""Entferne 2 Ehre von deiner Spielfeldseite. Dadurch erhält eine eigene Bezwingerin 1 Ehre.""}","[{""trigger"": ""wonder"", ""engine_key"": ""wunderumwandlungsapparatur_honor_convert"", ""remove_honor_from_own_field"": 2, ""target"": ""own_bez"", ""honor_delta"": 1}]","[""wunder"", ""ehre"", ""umwandlung"", ""primär""]",wonder,,,Entferne 2 Ehre von deiner Spielfeldseite. Dadurch erhält eine eigene Bezwingerin 1 Ehre.,
1.04-16-32-31af8c57,Rüstkammer/1.04-16-32-31af8c57.webp,Astralfragment der Ehre,Rüstkammer,ruestkammer,RÜSTKAMMER,Reliquie,False,,Fraktionslos,1,,,Astralfragment,Kristall,[],,,,,,,,"[{""trigger"": ""duration"", ""engine_key"": ""astralfragment"", ""duration_rounds"": 2, ""destroy_on_expire"": true, ""on_destroy_reward"": {""honor"": 2}}]","[""reliquie"", ""astralfragment"", ""kristall"", ""kampfrundendauer"", ""zerstörungseffekt""]",duration,,2,"Diese Karte bleibt 2 Kampfrunden offen auf dem Spielfeld. Nach Ablauf dieser Zeit wird sie zerstört. Wenn diese Karte zerstört wird, erhält eine eigene Bezwingerin 2 Ehre.",
1.04-28-32-59cf6134,Rüstkammer/1.04-28-32-59cf6134.webp,Astralfragment des Lebens,Rüstkammer,ruestkammer,RÜSTKAMMER,Reliquie,False,,Fraktionslos,1,,,Astralfragment,Kristall,[],,,,,,,,"[{""trigger"": ""duration"", ""engine_key"": ""astralfragment"", ""duration_rounds"": 2, ""destroy_on_expire"": true, ""on_destroy_reward"": {""hearts"": 1, ""honor"": 1}}]","[""reliquie"", ""astralfragment"", ""kristall"", ""kampfrundendauer"", ""zerstörungseffekt""]",duration,,2,"Diese Karte bleibt 2 Kampfrunden offen auf dem Spielfeld. Nach Ablauf dieser Zeit wird sie zerstört. Wenn diese Karte zerstört wird, erhält eine eigene Bezwingerin 1 Herz und 1 Ehre.",
1.04-29-32-7d288892,Rüstkammer/1.04-29-32-7d288892.webp,Astralfragment der physischen Abwehr,Rüstkammer,ruestkammer,RÜSTKAMMER,Reliquie,False,,Fraktionslos,1,,,Astralfragment,Kristall,[],,,,,,,,"[{""trigger"": ""duration"", ""engine_key"": ""astralfragment"", ""duration_rounds"": 2, ""destroy_on_expire"": true, ""on_destroy_reward"": {""physicalShield"": 1, ""honor"": 1}}]","[""reliquie"", ""astralfragment"", ""kristall"", ""kampfrundendauer"", ""zerstörungseffekt""]",duration,,2,"Diese Karte bleibt 2 Kampfrunden offen auf dem Spielfeld. Nach Ablauf dieser Zeit wird sie zerstört. Wenn diese Karte zerstört wird, erhält eine eigene Bezwingerin 1 physischen Schild und 1 Ehre.",
1.04-30-32-f6e1d4a0,Rüstkammer/1.04-30-32-f6e1d4a0.webp,Astralfragment der Astralabwehr,Rüstkammer,ruestkammer,RÜSTKAMMER,Reliquie,False,,Fraktionslos,1,,,Astralfragment,Kristall,[],,,,,,,,"[{""trigger"": ""duration"", ""engine_key"": ""astralfragment"", ""duration_rounds"": 2, ""destroy_on_expire"": true, ""on_destroy_reward"": {""astralShield"": 1, ""honor"": 1}}]","[""reliquie"", ""astralfragment"", ""kristall"", ""kampfrundendauer"", ""zerstörungseffekt""]",duration,,2,"Diese Karte bleibt 2 Kampfrunden offen auf dem Spielfeld. Nach Ablauf dieser Zeit wird sie zerstört. Wenn diese Karte zerstört wird, erhält eine eigene Bezwingerin 1 ASTRAL-Schild und 1 Ehre.",
1.04-31-32-5e304bb5,Rüstkammer/1.04-31-32-5e304bb5.webp,Fragmentfresser Schlund,Rüstkammer,ruestkammer,RÜSTKAMMER,Waffe,False,,Astralwelt,1,,,Axt,Organisch,[],,,,,,,,"[{""trigger"": ""on_play"", ""engine_key"": ""fragmentfresser_schlund"", ""optional"": true, ""source"": ""own_discard"", ""target_kartentyp"": ""Reliquie"", ""target_untertyp"": ""Astralfragment"", ""move_to"": ""hand"", ""amount"": 1}]","[""astralfragment-suche"", ""ablage-zu-hand""]",on_play,,,Du kannst dir aus deiner Ablage eine RELIQUIE vom Typ ASTRALFRAGMENT suchen und diese auf deine Hand nehmen.,
1.04-32-32-36458e8f,Rüstkammer/1.04-32-32-36458e8f.webp,Lebensfresserschild Hunger,Rüstkammer,ruestkammer,RÜSTKAMMER,Schild,False,,Astralwelt,1,,,Wappenschild,Organisch,[],,,,,,,,"[{""trigger"": ""on_equip"", ""engine_key"": ""lebensfresserschild_hunger"", ""target"": ""equipped_bez"", ""set_hearts"": 1, ""physicalShield_delta"": 3}, {""trigger"": ""recurring_duration"", ""engine_key"": ""lebensfresserschild_hunger_cycle"", ""target"": ""equipped_bez"", ""dauer_kr"": 2, ""on_zero"": {""hearts_delta"": -1}, ""reset_to"": 2, ""repeat_while_equipped"": true, ""natural_trigger_phase"": ""supply_start""}]","[""kampfrundendauer"", ""wiederholend"", ""herzverlust"", ""physischer-schild""]",permanent,,2,"Reduziere die Herzen der ausgerüsteten Bezwingerin auf 1 und füge ihr 3 physische Schilde hinzu. Zusätzlich verliert diese Bezwingerin nach jeweils 2 eigenen Kampfrunden zu Beginn der entsprechenden Versorgungsphase 1 Herz. Danach beginnt die Kampfrundendauer erneut bei 2, solange die Karte ausgerüstet ist.",
1.01-12-32-c6880e0f,Rüstkammer/1.01-12-32-c6880e0f.webp,Legionsschild,Rüstkammer,ruestkammer,RÜSTKAMMER,Schild,False,,Mittelwelt,1,,,Turmschild,Eisen,[],,,,,,,,"[{""trigger"": ""continuous"", ""engine_key"": ""equipment_physical_shield"", ""target"": ""equipped_bez"", ""physicalShield"": 1, ""permanent_while_equipped"": true}, {""trigger"": ""on_equip"", ""engine_key"": ""legionsschild_honor"", ""target"": ""equipped_bez"", ""honor_delta"": 1}]","[""physischer-schild"", ""ehre"", ""permanent"", ""on-play""]",permanent+on_play,,,"Solange dieser Schild ausgerüstet ist, fügt er der ausgerüsteten Bezwingerin 1 physischen Schild hinzu. Beim Anlegen erhält diese Bezwingerin zusätzlich einmalig 1 Ehre.",
1.01-13-32-50fc6534,Rüstkammer/1.01-13-32-50fc6534.webp,Parierdolch,Rüstkammer,ruestkammer,RÜSTKAMMER,Waffe,False,,Mittelwelt,1,,,Dolch,Eisen,[],,,,,,,,"[{""trigger"": ""on_equip"", ""engine_key"": ""parierdolch_dodge"", ""target"": ""equipped_bez"", ""uses"": 1, ""activation_phase"": ""supply"", ""effect"": ""dodge_counterattack""}]","[""gegenangriff"", ""ausweichen"", ""on-play""]",on_play,,,"Beim Anlegen erhält die ausgerüstete Bezwingerin eine einmalige gespeicherte Fähigkeit: In einer frei gewählten eigenen Kampfrunde kann sie in der Versorgungsphase aktiviert werden, um einem Gegenangriff auszuweichen.",
1.01-14-32-4c9f364b,Rüstkammer/1.01-14-32-4c9f364b.webp,Lähmendes Nervengift,Rüstkammer,ruestkammer,RÜSTKAMMER,Gegenstand,False,,Mittelwelt,1,,,Trank,,[],,,,,,,,"[{""trigger"": ""on_play"", ""engine_key"": ""laehmendes_nervengift"", ""target"": ""enemy_bez"", ""grant"": ""secondary_attack"", ""duration"": ""current_round"", ""instinkt"": true}]","[""sekundärangriff"", ""gegnerische-bezwingerin"", ""on-play"", ""instinkt""]",on_play+instinkt,,,Gib einer gegnerischen Bezwingerin in dieser Kampfrunde Sekundärangriff. Instinkt: Die verdeckt gesetzte Karte darf auch in der gegnerischen Versorgungs- und Nachschubphase aktiviert werden.,
1.01-15-32-89d3e6b0,Rüstkammer/1.01-15-32-89d3e6b0.webp,Trank der Stärke,Rüstkammer,ruestkammer,RÜSTKAMMER,Gegenstand,False,,Mittelwelt,1,,,Trank,,[],,,,,,,,"[{""trigger"": ""on_play"", ""engine_key"": ""trank_der_staerke"", ""target"": ""own_bez"", ""physical_delta"": 1, ""duration"": ""current_round"", ""max_combats"": 1, ""instinkt"": true}]","[""physische-stärke"", ""ein-kampf"", ""on-play"", ""instinkt""]",on_play+instinkt,,,"Gib einer eigenen Bezwingerin für diese Kampfrunde +1 physische Stärke, jedoch nur für einen Kampf. Instinkt: Die verdeckt gesetzte Karte darf auch in der gegnerischen Versorgungs- und Nachschubphase aktiviert werden.",
1.01-16-32-c5143f03,Rüstkammer/1.01-16-32-c5143f03.webp,Legionsbrustpanzer,Rüstkammer,ruestkammer,RÜSTKAMMER,Rüstung,False,,Mittelwelt,1,,,Brustpanzer,Eisen,[],,,,,,,,"[{""trigger"": ""continuous"", ""engine_key"": ""equipment_physical_shield"", ""target"": ""equipped_bez"", ""physicalShield"": 1, ""permanent_while_equipped"": true}, {""trigger"": ""on_equip"", ""engine_key"": ""legionsbrustpanzer_honor"", ""target"": ""equipped_bez"", ""honor_delta"": 1}]","[""physischer-schild"", ""ehre"", ""permanent"", ""on-play""]",permanent+on_play,,,"Solange diese Rüstung ausgerüstet ist, erhält die ausgerüstete Bezwingerin 1 physischen Schild. Beim Anlegen erhält diese Bezwingerin zusätzlich einmalig 1 Ehre.",
1.01-28-32-c3001160,Rüstkammer/1.01-28-32-c3001160.webp,Hut der Weisheit,Rüstkammer,ruestkammer,RÜSTKAMMER,Kopfschutz,False,,Mittelwelt,1,,,Hut,Stoff,[],,,,,,,,"[{""trigger"": ""on_equip"", ""engine_key"": ""hut_der_weisheit_honor"", ""target"": ""equipped_bez"", ""honor_delta"": 1}]","[""ehre"", ""on-play""]",on_play,,,Beim Anlegen erhält die ausgerüstete Bezwingerin einmalig 1 Ehre.,
1.01-29-32-b570c797,Rüstkammer/1.01-29-32-b570c797.webp,Ubusa Brustpanzer,Rüstkammer,ruestkammer,RÜSTKAMMER,Rüstung,False,,Mittelwelt,1,,,Brustpanzer,Eisen,[],,,,,,,,"[{""trigger"": ""continuous"", ""engine_key"": ""equipment_dual_shield"", ""target"": ""equipped_bez"", ""physicalShield"": 1, ""astralShield"": 1, ""permanent_while_equipped"": true}]","[""physischer-schild"", ""astral-schild"", ""permanent""]",permanent,,,"Solange diese Rüstung ausgerüstet ist, fügt sie der ausgerüsteten Bezwingerin 1 physischen Schild und 1 ASTRAL-Schild hinzu.",
1.01-30-32-c21d5a48,Rüstkammer/1.01-30-32-c21d5a48.webp,Die strahlende Krone Gloria,Rüstkammer,ruestkammer,RÜSTKAMMER,Kopfschutz,False,,Oberwelt,1,,,Krone,Silber,[],,,,,,,,"[{""trigger"": ""continuous"", ""engine_key"": ""gloria_shields"", ""physicalShield"": 1, ""astralShield"": 1}]","[""schild"", ""implementiert-v1.44""]",permanent,,,Solange ausgerüstet erhält die Bezwingerin +1 physischen Schild und +1 ASTRAL-Schild.,
1.01-31-32-9e8ce748,Rüstkammer/1.01-31-32-9e8ce748.webp,Urlaub,Rüstkammer,ruestkammer,RÜSTKAMMER,Rüstung,False,,Mittelwelt,1,,,Bikini,Stoff,[],,,,,,,,"[{""trigger"": ""duration"", ""engine_key"": ""urlaub_forced_opposite_attack"", ""dauer_kr"": 2, ""opposite_enemy_bez_must_attack"": true, ""attack_type_chosen_by"": ""urlaub_owner"", ""weapon_slot_locked"": true}, {""trigger"": ""on_equip"", ""engine_key"": ""urlaub_on_equip"", ""target"": ""equipped_bez"", ""set_physical_shield"": 0, ""set_astral_shield"": 0, ""discard_other_equipment"": true}]","[""kampfrundendauer"", ""zwangsangriff"", ""gegenüber"", ""waffensperre"", ""on-play"", ""rüstung""]",duration+on_play,,2,"Für 2 eigene Kampfrunden: Die gegnerische Bezwingerin direkt gegenüber der ausgerüsteten Bezwingerin muss, wenn sie in ihrer Kampfrunde kämpft und es möglich ist, die Urlaub-Trägerin angreifen. Der Besitzer von Urlaub bestimmt bei jedem erzwungenen Angriff neu die Angriffsart. Solange dieser Zeiteffekt aktiv ist, kann die Urlaub-Trägerin keine Waffe ausrüsten. Beim Anlegen: Setze ihren physischen und ASTRAL-Schild auf 0 und lege alle anderen an ihr angelegten Ausrüstungen auf die Ablage.",
1.01-32-32-32c67d98,Rüstkammer/1.01-32-32-32c67d98.webp,Dorfschmiedin Ruth die Eiserne,Rüstkammer,ruestkammer,RÜSTKAMMER,Primär-Karte,False,,Mittelwelt,1,,Primär,Kaufladen,,[],2,0,0,0,0,0,,"[{""trigger"": ""activated"", ""engine_key"": ""ruth_shop"", ""uses"": 3, ""once_per_round"": true, ""activation_phases"": [""supply"", ""resupply""], ""cost_from_target_honor"": 1}]","[""ladungen"", ""kaufladen"", ""implementiert-v1.44""]",charges,3,,"Einmal pro Kampfrunde kann eine eigene Bezwingerin, die in dieser Kampfrunde noch nicht gekämpft hat, 1 Ehre bezahlen und +1 physischen oder +1 ASTRAL-Schild erhalten. Danach kann diese Bezwingerin in dieser Kampfrunde nicht angreifen.",
1.03-01-32-92d5784a,Rüstkammer/1.03-01-32-92d5784a.webp,Glorreicher Helm Victores,Rüstkammer,ruestkammer,RÜSTKAMMER,Kopfschutz,False,,Oberwelt,1,,,Helm,Gold,[],,,,,,,,"[{""trigger"": ""continuous"", ""engine_key"": ""victores_physical_shield"", ""physicalShield"": 1}, {""trigger"": ""on_equip"", ""engine_key"": ""victores_honor"", ""honor_delta"": 1}]","[""schild"", ""ehre"", ""implementiert-v1.44""]",permanent+on_play,,,Solange ausgerüstet erhält die Bezwingerin +1 physischen Schild. Beim Anlegen erhält sie einmalig +1 Ehre.,
1.03-02-32-38e3f5fb,Rüstkammer/1.03-02-32-38e3f5fb.webp,Erlass Umverteilung,Rüstkammer,ruestkammer,RÜSTKAMMER,Gegenstand,False,,Fraktionslos,1,,,Dokument,Papier,[],,,,,,,,"[{""trigger"": ""on_play"", ""engine_key"": ""erlass_umverteilung"", ""target"": ""own_bez"", ""max_transfer"": 2, ""honor_source"": ""own_field_cards"", ""allow_multiple_sources"": true, ""discard_after_resolution"": true, ""instinkt"": true}]","[""ehre"", ""umverteilung"", ""on-play"", ""fraktionslos"", ""gegenstand"", ""instinkt""]",on_play+instinkt,,,Ziehe X Ehre von deinen eigenen Karten ab und gib einer eigenen Bezwingerin X Ehre. X darf höchstens 2 sein; die entfernte Ehre darf von mehreren eigenen Karten stammen. Instinkt: Die verdeckt gesetzte Karte darf auch in der gegnerischen Versorgungs- und Nachschubphase aktiviert werden.,
1.03-03-32-89c156ba,Rüstkammer/1.03-03-32-89c156ba.webp,Erhabene Lanze Invictus,Rüstkammer,ruestkammer,RÜSTKAMMER,Waffe,False,,Oberwelt,1,,,Lanze,Gold,[],,,,,,,,"[{""trigger"": ""after_own_combat"", ""engine_key"": ""invictus_victores_honor"", ""requires_equipment"": ""Glorreicher Helm Victores"", ""honor_delta"": 1}]","[""ehre"", ""kombination"", ""implementiert-v1.44""]",permanent,,,"Falls die Bezwingerin gleichzeitig mit Glorreicher Helm Victores ausgerüstet ist, erhält sie in deiner Kampfrunde nach jeder ihrer abgeschlossenen Kampfphasen 1 Ehre.",
1.03-04-32-1a4b4379,Rüstkammer/1.03-04-32-1a4b4379.webp,Der Torwächter T.I.T.A.N.,Rüstkammer,ruestkammer,RÜSTKAMMER,Primär-Karte,False,,Oberwelt,1,,Primär,Golem,Gold,[],1,0,0,1,1,0,,"[{""trigger"": ""damage_redirect"", ""engine_key"": ""titan_refuge_redirect"", ""target"": ""own_refuge"", ""optional"": true, ""overflow_to_original"": true}]","[""schadensumleitung"", ""zuflucht"", ""implementiert-v1.44""]",permanent,,,"Schaden, der deiner Zuflucht zugefügt wird, kann auf T.I.T.A.N. umgeleitet werden. Überschüssiger Schaden wird deiner Zuflucht zugefügt.",
1.03-05-32-958b7be8,Rüstkammer/1.03-05-32-958b7be8.webp,Ehris Ohrringe der Zwietracht,Rüstkammer,ruestkammer,RÜSTKAMMER,Reliquie,False,,Oberwelt,1,,,Ohrringe,Gold,[],,,,,,,,"[{""trigger"": ""continuous"", ""engine_key"": ""ehris_ohrringe"", ""duration_own_rounds"": 3, ""requires_own_faction_bez"": {""fraktion"": ""Oberwelt"", ""min"": 2}, ""wonder_cost_delta"": -1}]","[""reliquie"", ""oberwelt"", ""wunderkosten"", ""implementiert-v1.44""]",duration,,3,"Wenn sich auf deiner Spielfeldseite zwei oder mehr Bezwingerinnen aus der Oberwelt befinden, wähle eine von ihnen. Reduziere ihre Wunder-Kosten um 1 Ehre. Der Effekt bleibt aktiv, solange die Bedingung erfüllt ist und die Karte offen auf dem Spielfeld liegt.",
1.03-06-32-60257f9d,Rüstkammer/1.03-06-32-60257f9d.webp,Die Abenddämmerung Hyhde,Rüstkammer,ruestkammer,RÜSTKAMMER,Waffe,False,,Oberwelt,1,,,Dolch,Knochen,[],,,,,,,,"[{""trigger"": ""on_equip"", ""engine_key"": ""hyhde_temp_astral"", ""astral_delta"": 1, ""until_next_supply"": true, ""duration_until"": ""next_supply_start""}, {""trigger"": ""continuous"", ""engine_key"": ""hyhde_allows_jakyl_shield""}]","[""zeit"", ""sonderausrüstung"", ""implementiert-v1.44""]",duration+permanent,,,"Die ausgerüstete Bezwingerin erhält bis zum Anfang deiner nächsten Versorgungsphase +1 ASTRAL-Stärke. Solange Hyhde ausgerüstet ist, darf dieselbe Bezwingerin Die Morgenröte Jakyl als Schild ausrüsten.",
1.03-07-32-da49cc07,Rüstkammer/1.03-07-32-da49cc07.webp,Die Morgenröte Jakyl,Rüstkammer,ruestkammer,RÜSTKAMMER,Waffe,False,,Oberwelt,1,,,Dolch,Silber,[],,,,,,,,"[{""trigger"": ""on_equip"", ""engine_key"": ""jakyl_temp_physical"", ""physical_delta"": 1, ""until_next_supply"": true, ""duration_until"": ""next_supply_start""}, {""trigger"": ""continuous"", ""engine_key"": ""jakyl_allows_hyhde_shield""}]","[""zeit"", ""sonderausrüstung"", ""implementiert-v1.44""]",duration+permanent,,,"Die ausgerüstete Bezwingerin erhält bis zum Anfang deiner nächsten Versorgungsphase +1 physische Stärke. Solange Jakyl ausgerüstet ist, darf dieselbe Bezwingerin Die Abenddämmerung Hyhde als Schild ausrüsten.",
1.03-08-32-7dedc4d6,Rüstkammer/1.03-08-32-7dedc4d6.webp,Energieschild,Rüstkammer,ruestkammer,RÜSTKAMMER,Schild,False,,Fraktionslos,1,,,Turmschild,Energie,[],,,,,,,,"[{""trigger"": ""continuous"", ""engine_key"": ""equipment_astral_shield"", ""target"": ""equipped_bez"", ""astralShield"": 1, ""permanent_while_equipped"": true}, {""trigger"": ""on_equip"", ""engine_key"": ""energieschild_honor"", ""target"": ""equipped_bez"", ""honor_delta"": 1}]","[""astral-schild"", ""ehre"", ""permanent"", ""on-play"", ""fraktionslos""]",permanent+on_play,,,"Solange dieser Schild ausgerüstet ist, fügt er der ausgerüsteten Bezwingerin 1 ASTRAL-Schild hinzu. Beim Anlegen erhält diese Bezwingerin zusätzlich einmalig 1 Ehre.",
1.03-09-32-1451a6e2,Rüstkammer/1.03-09-32-1451a6e2.webp,Überladung,Rüstkammer,ruestkammer,RÜSTKAMMER,Gegenstand,False,,Fraktionslos,1,,,Energiekern,,[],,,,,,,,"[{""trigger"": ""on_play"", ""engine_key"": ""ueberladung"", ""target"": ""own_bez"", ""remove_physical_shield"": 1, ""remove_astral_shield"": 1, ""honor_delta"": 3, ""discard_after_resolution"": true, ""instinkt"": true}]","[""gegenstand"", ""energiekern"", ""on-play"", ""instinkt"", ""ehre"", ""schild-entfernen"", ""fraktionslos""]",on_play+instinkt,,,"Entferne 1 physischen Schild und 1 ASTRAL-Schild von einer eigenen Bezwingerin, um ihr 3 Ehre zu geben. Instinkt: Eine verdeckt gesetzte Karte darf auch im gegnerischen Spielzug in den dafür erlaubten Phasen aktiviert werden.",
1.03-10-32-436b6b3b,Rüstkammer/1.03-10-32-436b6b3b.webp,Die zerstörte Q.U.E.E.N.,Rüstkammer,ruestkammer,RÜSTKAMMER,Reliquie,False,,Fraktionslos,1,,,Maschine,Eisen,[],,,,,,,,"[{""trigger"": ""continuous_timed"", ""engine_key"": ""zerstoerte_queen_protection"", ""duration_rounds"": 3, ""condition"": {""own_face_up_bez_name_any"": [""Z.E.R.O. ATK"", ""Z.E.R.O. ASTRAL""]}, ""protected_target"": ""own_bez_name:Q.U.E.E.N."", ""effect"": ""cannot_be_attacked""}]","[""reliquie"", ""maschine"", ""eisen"", ""kampfrundendauer"", ""schutz"", ""queen"", ""zero"", ""fraktionslos""]",duration,,3,"Solange sich auf deiner Spielfeldseite eine Z.E.R.O. ATK oder Z.E.R.O. ASTRAL befindet, darf deine Q.U.E.E.N. nicht angegriffen werden.",
1.02-01-32-14bb436c,Rüstkammer/1.02-01-32-14bb436c.webp,Die Bastion bringt Dir Erleuchtung,Rüstkammer,ruestkammer,RÜSTKAMMER,Gegenstand,False,,Unterwelt,1,,,Epiphanie,,[],,,,,,,,"[{""trigger"": ""on_play"", ""engine_key"": ""bastion_erleuchtung"", ""target"": ""own_refuge"", ""honor_delta"": 1}]","[""ehre"", ""zuflucht"", ""on-play""]",on_play,,,Füge deiner eigenen Zuflucht 1 Ehre hinzu.,
1.02-02-32-198048cd,Rüstkammer/1.02-02-32-198048cd.webp,Instabiler Stab,Rüstkammer,ruestkammer,RÜSTKAMMER,Waffe,False,,Fraktionslos,1,,,Stab,Eisen,[],,,,,,,,"[{""trigger"": ""continuous_timed"", ""engine_key"": ""instabiler_stab_temp_astral"", ""target"": ""equipped_bez"", ""astral_delta"": 1, ""duration"": ""until_next_own_supply_start""}]","[""astral-staerke"", ""kampfrundendauer"", ""fraktionslos""]",duration,,,Die ausgerüstete Bezwingerin erhält bis zum Anfang deiner nächsten Versorgungsphase (AVP) +1 ASTRAL-Stärke.,
1.02-03-32-9d7bd09c,Rüstkammer/1.02-03-32-9d7bd09c.webp,Legionshelm,Rüstkammer,ruestkammer,RÜSTKAMMER,Kopfschutz,False,,Unterwelt,1,,,Helm,Eisen,[],,,,,,,,"[{""trigger"": ""continuous"", ""engine_key"": ""equipment_physical_shield"", ""target"": ""equipped_bez"", ""physicalShield"": 1, ""permanent_while_equipped"": true}]","[""physischer-schild"", ""permanent""]",permanent,,,"Solange dieser Kopfschutz ausgerüstet ist, fügt er der ausgerüsteten Bezwingerin 1 physischen Schild hinzu.",
1.02-04-32-f75466c1,Rüstkammer/1.02-04-32-f75466c1.webp,Leichte Robe,Rüstkammer,ruestkammer,RÜSTKAMMER,Rüstung,False,,Unterwelt,1,,,Robe,Stoff,[],,,,,,,,"[{""trigger"": ""continuous"", ""engine_key"": ""equipment_astral_shield"", ""target"": ""equipped_bez"", ""astralShield"": 1, ""permanent_while_equipped"": true}]","[""astral-schild"", ""permanent""]",permanent,,,Füge der ausgerüsteten Bezwingerin 1 ASTRAL-Schild hinzu.,
1.02-05-32-7d0610e6,Rüstkammer/1.02-05-32-7d0610e6.webp,Holzschild,Rüstkammer,ruestkammer,RÜSTKAMMER,Schild,False,,Fraktionslos,1,,,Wappenschild,Holz,[],,,,,,,,"[{""trigger"": ""continuous"", ""engine_key"": ""equipment_physical_shield"", ""target"": ""equipped_bez"", ""physicalShield"": 1, ""permanent_while_equipped"": true}]","[""physischer-schild"", ""permanent"", ""fraktionslos""]",permanent,,,"Solange dieser Schild ausgerüstet ist, fügt er der ausgerüsteten Bezwingerin 1 physischen Schild hinzu.",
1.02-06-32-720e8291,Rüstkammer/1.02-06-32-720e8291.webp,Die Kanone,Rüstkammer,ruestkammer,RÜSTKAMMER,Gegenstand,False,,Fraktionslos,1,,,Kampfgerät,Eisen,[],,,,,,,,"[{""trigger"": ""on_play"", ""engine_key"": ""die_kanone"", ""target"": ""enemy_bez"", ""damage"": 1, ""damage_type"": ""physical"", ""instinkt"": true, ""discard_after_resolution"": true}]","[""physischer-schaden"", ""gegnerische-bezwingerin"", ""on-play"", ""instinkt"", ""gegenstand"", ""fraktionslos""]",on_play+instinkt,,,Füge einer gegnerischen Bezwingerin 1 physischen Schaden zu. Instinkt: Die verdeckt gesetzte Karte darf auch in der gegnerischen Versorgungs- und Nachschubphase aktiviert werden.,
1.02-07-32-755fb721,Rüstkammer/1.02-07-32-755fb721.webp,Trank der ASTRAL-Macht,Rüstkammer,ruestkammer,RÜSTKAMMER,Gegenstand,False,,Fraktionslos,1,,,Trank,,[],,,,,,,,"[{""trigger"": ""on_play"", ""engine_key"": ""trank_der_astral_macht"", ""target"": ""own_bez"", ""astral_delta"": 1, ""duration"": ""one_combat_this_round"", ""instinkt"": true, ""discard_after_resolution"": true}]","[""astral-staerke"", ""ein-kampf"", ""on-play"", ""instinkt"", ""gegenstand"", ""fraktionslos""]",on_play+instinkt,,,"Gib einer eigenen Bezwingerin für diese Kampfrunde +1 ASTRAL-Stärke, jedoch nur für einen Kampf. Instinkt: Die verdeckt gesetzte Karte darf auch in der gegnerischen Versorgungs- und Nachschubphase aktiviert werden.",
1.02-08-32-faae5d63,Rüstkammer/1.02-08-32-faae5d63.webp,Steinschwert,Rüstkammer,ruestkammer,RÜSTKAMMER,Waffe,False,,Fraktionslos,1,,,Schwert,Stein,[],,,,,,,,"[{""trigger"": ""continuous_timed"", ""engine_key"": ""steinschwert_temp_physical"", ""target"": ""equipped_bez"", ""physical_delta"": 1, ""duration"": ""until_next_own_supply_start""}]","[""physische-staerke"", ""kampfrundendauer"", ""fraktionslos""]",duration,,,Die ausgerüstete Bezwingerin erhält bis zum Anfang deiner nächsten Versorgungsphase (AVP) +1 physische Stärke.,
1.02-09-32-6e1f69e4,Rüstkammer/1.02-09-32-6e1f69e4.webp,Goldener Dorn,Rüstkammer,ruestkammer,RÜSTKAMMER,Schild,False,,Fraktionslos,1,,,Turmschild,Gold,[],,,,,,,,"[{""trigger"": ""combat_defense"", ""engine_key"": ""goldener_dorn_defense_physical"", ""target"": ""equipped_bez"", ""physical_delta"": 1, ""duration"": ""this_combat"", ""condition"": ""equipped_bez_is_attacked""}, {""trigger"": ""continuous"", ""engine_key"": ""equipment_physical_shield"", ""target"": ""equipped_bez"", ""physicalShield"": 1, ""permanent_while_equipped"": true}]","[""physische-staerke"", ""physischer-schild"", ""verteidigung"", ""permanent"", ""fraktionslos""]",combat+permanent,,,"Wenn eine gegnerische Bezwingerin die mit Goldener Dorn ausgerüstete Bezwingerin angreift, erhält diese nur in diesem Kampf +1 physische Stärke. Solange Goldener Dorn ausgerüstet ist, erhält sie außerdem +1 physischen Schild.",
1.02-10-32-4980eb3a,Rüstkammer/1.02-10-32-4980eb3a.webp,Gedankenschleier Psythra,Rüstkammer,ruestkammer,RÜSTKAMMER,Kopfschutz,False,,Fraktionslos,1,,,Helm,Eisen,[],,,,,,,,"[{""trigger"": ""continuous"", ""engine_key"": ""equipment_astral_shield"", ""target"": ""equipped_bez"", ""astralShield"": 1, ""permanent_while_equipped"": true}]","[""astral-schild"", ""permanent"", ""fraktionslos""]",permanent,,,"Solange dieser Kopfschutz ausgerüstet ist, fügt er der ausgerüsteten Bezwingerin 1 ASTRAL-Schild hinzu.",
1.05-12-32-ea54d8b1,Rüstkammer/1.05-12-32-ea54d8b1.webp,Voidpiercer & Lifebreaker,Rüstkammer,ruestkammer,RÜSTKAMMER,Waffe,False,,Zwischenwelt,1,,,Schusswaffe,Stahl,[],,,,,,,,"[{""engine_key"": ""voidpiercer_lifebreaker_convert"", ""trigger"": ""activate"", ""charges"": 2, ""once_per_round"": true, ""target"": ""equipped_bez"", ""conversion"": ""physical_astral_bidirectional""}]","[""zählermarken""]",,2,,,
1.05-13-32-0b7bc128,Rüstkammer/1.05-13-32-0b7bc128.webp,Portalflügler Skyflux,Rüstkammer,ruestkammer,RÜSTKAMMER,Gegenstand,False,,Zwischenwelt,1,,,Kampfgerät,Eisen,[],,,,,,,,"[{""engine_key"": ""skyflux_swap"", ""trigger"": ""on_play"", ""target"": ""own_bez"", ""requires_free_other_slot"": true, ""honor_delta"": 1}, {""engine_key"": ""instinkt"", ""trigger"": ""instinkt"", ""instinkt"": true}]","[""instinkt""]",,,,,
1.05-14-32-2262c852,Rüstkammer/1.05-14-32-2262c852.webp,Portalbazooka SMASHR,Rüstkammer,ruestkammer,RÜSTKAMMER,Gegenstand,False,,Zwischenwelt,1,,,Schusswaffe,Stahl,[],,,,,,,,[],[],,,,,
1.05-15-32-9fa773e8,Rüstkammer/1.05-15-32-9fa773e8.webp,Chikaras Stahlherz,Rüstkammer,ruestkammer,RÜSTKAMMER,Rüstung,False,,Zwischenwelt,1,,,Brustpanzer,Eisen,[],,,,,,,,"[{""engine_key"": ""chikaras_stahlherz_shield_choice"", ""trigger"": ""permanent"", ""shield_choice"": [""physical"", ""astral""], ""value"": 1}, {""engine_key"": ""chikaras_stahlherz_honor"", ""trigger"": ""on_equip"", ""honor_delta"": 1, ""condition"": {""any"": [{""klasse"": ""Beschützerin""}, {""tag"": ""chikara-clan""}]}}]",[],,,,,
1.05-16-32-cac907a2,Rüstkammer/1.05-16-32-cac907a2.webp,Schattengleiter der Leere MANTA,Rüstkammer,ruestkammer,RÜSTKAMMER,Primär-Karte,False,,Zwischenwelt,1,,Primär,Maschine,Stahl,[],2,0,0,0,0,0,"{""kosten_ehre"": 3, ""text"": ""+1 physische Stärke für einen Kampf""}","[{""engine_key"": ""manta_wonder_physical"", ""trigger"": ""wunder"", ""kosten_ehre"": 3, ""physical_delta"": 1, ""duration"": ""one_combat""}]","[""MASCHINE""]",,,,,
1.05-28-32-cef446a1,Rüstkammer/1.05-28-32-cef446a1.webp,Stab der Ewigen Ströme Chronarion,Rüstkammer,ruestkammer,RÜSTKAMMER,Waffe,False,,Zwischenwelt,1,,,Stab,Gold,[],,,,,,,,"[{""engine_key"": ""chronarion_extend_equipment"", ""trigger"": ""on_equip"", ""duration_delta"": 1, ""target"": ""open_equipment_same_bez_with_duration""}]",[],,,,,
1.05-29-32-cb5e5e59,Rüstkammer/1.05-29-32-cb5e5e59.webp,Chronokrypta,Rüstkammer,ruestkammer,RÜSTKAMMER,Primär-Karte,False,,Zwischenwelt,1,,Primär,Krypta,,[],2,0,0,0,0,0,,[],[],,,,,
1.05-30-32-efc62695,Rüstkammer/1.05-30-32-efc62695.webp,Flüstern der Brut,Rüstkammer,ruestkammer,RÜSTKAMMER,Reliquie,False,,Zwischenwelt,1,,,Brut | Organisch,Organisch,[],,,,,,,,"[{""trigger"": ""on_destroy"", ""engine_key"": ""fluestern_brut"", ""duration_own_rounds"": 2, ""token"": ""Mornak - Brut"", ""allow_enemy_azr_under_control"": true}]",[],duration,,2,"Nach 2 eigenen Kampfrunden wird diese Karte zerstört. Wenn diese Karte zerstört wird, erzeuge einen Token, der eine Kopie der Karte „Mornak - Brut“ ist. Platziere diesen Token – sofern möglich – in einem deiner Bereiche (PRIMÄR-, SEKUNDÄR- oder freier ASTRAL-Rüstkammer-Bereich) oder in der ASTRAL-/RÜSTKAMMER-Zone des Gegners (unter deiner Kontrolle; blockiert das Feld).",
1.05-31-32-546db454,Rüstkammer/1.05-31-32-546db454.webp,Astrana-Suit,Rüstkammer,ruestkammer,RÜSTKAMMER,Rüstung,False,,Zwischenwelt,1,,,Suit,Synthetisch,[],,,,,,,,"[{""engine_key"": ""astrana_suit_survival"", ""trigger"": ""permanent"", ""duration_rounds"": 1, ""protect_at_zero_hearts"": true, ""discard_at_zero_duration"": true}, {""engine_key"": ""astrana_suit_honor"", ""trigger"": ""on_equip"", ""honor_delta"": 1}]","[""KAMPFRUNDENDAUER""]",,,,,
1.05-32-32-2fb887aa,Rüstkammer/1.05-32-32-2fb887aa.webp,Überwachungseinheit KRAKEN,Rüstkammer,ruestkammer,RÜSTKAMMER,Kopfschutz,False,,Zwischenwelt,1,,,Helm,Stahl,[],,,,,,,,[],[],,,,,
1.04-02-32-573a39eb,Entwicklungskarten/1.04-02-32-573a39eb.webp,Zauberkessel Sternenwacht,Entwicklungskarten,entwicklung,ZUFLUCHT,Zuflucht,True,Zuflucht/1.04-01-32-f3d2e6a0.webp,Astralwelt,2,,,,,[],6,0,0,0,0,0,"{""kosten_ehre"": 2, ""effekt_text"": ""Ziehe eine Karte von einem der Hauptstapel.""}","[{""typ"": ""beim_ausspielen"", ""einmalig"": true, ""auswahl"": [""+1 Physische Stärke"", ""+1 ASTRAL-Stärke""], ""effekt_text"": ""Beim Ausspielen wähle: Füge dieser Zuflucht 1 Physische Stärke oder 1 ASTRAL-Stärke hinzu.""}, {""typ"": ""angriffsregel"", ""trigger"": ""Ansturmphase"", ""effekt_text"": ""Diese Zuflucht kann nur angreifen, wenn auf der eigenen Spielfeldseite keine Bezwingerin vorhanden ist.""}]","[""angriff_nur_ohne_eigene_bezwingerin"", ""beim_ausspielen_staerke_wahl"", ""zuflucht""]",,,,,
1.04-06-32-85364c9d,Entwicklungskarten/1.04-06-32-85364c9d.webp,Die ungezähmte Flamme Saphira,Entwicklungskarten,entwicklung,BEZWINGERIN,Bezwingerin,True,Bezwingerin/1.04-03-32-aa7ee080.webp,Astralwelt,2,Magierin,,,,[],2,0,1,0,0,0,"{""kosten_ehre"": 4, ""text"": ""Erhöhe die aktuelle ASTRAL-Angriffsstärke dieser Bezwingerin um 1. Die aktuellen Wunder-Kosten steigen dadurch ebenfalls um 1 Ehre.""}","[{""trigger"": ""wonder"", ""engine_key"": ""saphira2"", ""self_astral_plus"": 1, ""increase_future_cost"": 1}]","[""wunder"", ""astral_stärke"", ""steigende_kosten""]",wonder,,,Erhöhe die aktuelle ASTRAL-Angriffsstärke dieser Bezwingerin um 1. Die aktuellen Wunder-Kosten steigen dadurch ebenfalls um 1 Ehre.,
1.04-18-32-098db6a4,Entwicklungskarten/1.04-18-32-098db6a4.webp,Sanctum Lysandor,Entwicklungskarten,entwicklung,ZUFLUCHT,Zuflucht,True,Zuflucht/1.04-17-32-a4e9b502.webp,Astralwelt,2,,,,,[],6,0,0,0,0,0,"{""kosten_ehre"": 2, ""effekt_text"": ""Ziehe eine Karte von einem der Hauptstapel.""}","[{""typ"": ""beim_ausspielen"", ""einmalig"": true, ""auswahl"": [""+1 Physische Stärke"", ""+1 ASTRAL-Stärke""], ""effekt_text"": ""Beim Ausspielen wähle: Füge dieser Zuflucht 1 Physische Stärke oder 1 ASTRAL-Stärke hinzu.""}, {""typ"": ""angriffsregel"", ""trigger"": ""Ansturmphase"", ""effekt_text"": ""Diese Zuflucht kann nur angreifen, wenn auf der eigenen Spielfeldseite keine Bezwingerin vorhanden ist.""}]","[""angriff_nur_ohne_eigene_bezwingerin"", ""beim_ausspielen_staerke_wahl"", ""zuflucht""]",,,,,
1.04-22-32-a9fd56f0,Entwicklungskarten/1.04-22-32-a9fd56f0.webp,Lebende Waffenbändigerin Keyla Dorn,Entwicklungskarten,entwicklung,BEZWINGERIN,Bezwingerin,True,Bezwingerin/1.04-19-32-426aa886.webp,Astralwelt,2,Beschützerin,,,,[],3,1,0,0,1,0,,"[{""trigger"": ""on_play"", ""engine_key"": ""keyla2"", ""choices"": [""destroy_any_open_relic"", ""search_own_astralfragment"", ""recover_own_astralfragment_from_discard""]}]","[""ausspieleffekt"", ""wahl"", ""reliquie"", ""astralfragment""]",on_play,,,Wähle eine Aktion: eine offene RELIQUIE zerstören; den Rüstkammer-Stapel nach einer RELIQUIE vom Typ ASTRALFRAGMENT durchsuchen und sie auf die Hand nehmen; oder eine RELIQUIE vom Typ ASTRALFRAGMENT aus der eigenen Ablage auf die Hand nehmen.,
1.01-02-32-6bc100fd,Entwicklungskarten/1.01-02-32-6bc100fd.webp,Glut des Morgens,Entwicklungskarten,entwicklung,ZUFLUCHT,Zuflucht,True,Zuflucht/1.01-01-32-09907f26.webp,Mittelwelt,2,,,,,[],6,0,0,0,0,0,"{""kosten_ehre"": 2, ""effekt_text"": ""Ziehe eine Karte von einem der Hauptstapel.""}","[{""typ"": ""beim_ausspielen"", ""einmalig"": true, ""auswahl"": [""+1 Physische Stärke"", ""+1 ASTRAL-Stärke""], ""effekt_text"": ""Beim Ausspielen wähle: Füge dieser Zuflucht 1 Physische Stärke oder 1 ASTRAL-Stärke hinzu.""}, {""typ"": ""angriffsregel"", ""trigger"": ""Ansturmphase"", ""effekt_text"": ""Diese Zuflucht kann nur angreifen, wenn auf der eigenen Spielfeldseite keine Bezwingerin vorhanden ist.""}]","[""angriff_nur_ohne_eigene_bezwingerin"", ""beim_ausspielen_staerke_wahl"", ""zuflucht""]",,,,,
1.01-06-32-58d07b2b,Entwicklungskarten/1.01-06-32-58d07b2b.webp,Die Unbeugsame Heldin Jeanne d'Arque,Entwicklungskarten,entwicklung,BEZWINGERIN,Bezwingerin,True,Bezwingerin/1.01-03-32-ff9fdb25.webp,Mittelwelt,2,Beschützerin,,,,[],3,1,0,1,0,0,,"[{""trigger"": ""permanent"", ""engine_key"": ""jeanne_taunt"", ""forced_attackers"": 2}]","[""permanent"", ""zielzwang""]",permanent,,,"Beide gegnerischen Bezwingerinnen müssen Jeanne d'Arque angreifen, wenn sie kämpfen, falls möglich.",
1.01-18-32-4f928d2c,Entwicklungskarten/1.01-18-32-4f928d2c.webp,Bastion Fernstille,Entwicklungskarten,entwicklung,ZUFLUCHT,Zuflucht,True,Zuflucht/1.01-17-32-aab9521d.webp,Mittelwelt,2,,,,,[],6,0,0,0,0,0,"{""kosten_ehre"": 2, ""effekt_text"": ""Ziehe eine Karte von einem der Hauptstapel.""}","[{""typ"": ""beim_ausspielen"", ""einmalig"": true, ""auswahl"": [""+1 Physische Stärke"", ""+1 ASTRAL-Stärke""], ""effekt_text"": ""Beim Ausspielen wähle: Füge dieser Zuflucht 1 Physische Stärke oder 1 ASTRAL-Stärke hinzu.""}, {""typ"": ""angriffsregel"", ""trigger"": ""Ansturmphase"", ""effekt_text"": ""Diese Zuflucht kann nur angreifen, wenn auf der eigenen Spielfeldseite keine Bezwingerin vorhanden ist.""}]","[""angriff_nur_ohne_eigene_bezwingerin"", ""beim_ausspielen_staerke_wahl"", ""zuflucht""]",,,,,
1.01-22-32-e01025a4,Entwicklungskarten/1.01-22-32-e01025a4.webp,Die Säule des Lebens Talisia,Entwicklungskarten,entwicklung,BEZWINGERIN,Bezwingerin,True,Bezwingerin/1.01-20-32-62cd298b.webp,Mittelwelt,2,Heilerin,,,,[],3,1,0,1,0,0,,"[{""trigger"": ""on_play"", ""engine_key"": ""talisia2"", ""optional"": true}]","[""ausspieleffekt"", ""astralschild""]",on_play,,,Du kannst einer gegnerischen Bezwingerin 1 ASTRAL-Schild abziehen und Talisia hinzufügen.,
1.03-12-32-4bd94de1,Entwicklungskarten/1.03-12-32-4bd94de1.webp,Das strahlende Schloss Kaizer,Entwicklungskarten,entwicklung,ZUFLUCHT,Zuflucht,True,Zuflucht/1.03-11-32-69f1d5d9.webp,Oberwelt,2,,,,,[],6,0,0,0,0,0,"{""kosten_ehre"": 2, ""effekt_text"": ""Ziehe eine Karte von einem der Hauptstapel.""}","[{""typ"": ""beim_ausspielen"", ""einmalig"": true, ""auswahl"": [""+1 Physische Stärke"", ""+1 ASTRAL-Stärke""], ""effekt_text"": ""Beim Ausspielen wähle: Füge dieser Zuflucht 1 Physische Stärke oder 1 ASTRAL-Stärke hinzu.""}, {""typ"": ""angriffsregel"", ""trigger"": ""Ansturmphase"", ""effekt_text"": ""Diese Zuflucht kann nur angreifen, wenn auf der eigenen Spielfeldseite keine Bezwingerin vorhanden ist.""}]","[""angriff_nur_ohne_eigene_bezwingerin"", ""beim_ausspielen_staerke_wahl"", ""zuflucht""]",,,,,
1.03-16-32-02bf8e96,Entwicklungskarten/1.03-16-32-02bf8e96.webp,Die glorreiche Eroberin Martha Kaizer,Entwicklungskarten,entwicklung,BEZWINGERIN,Bezwingerin,True,Bezwingerin/1.03-13-32-c61a0eda.webp,Oberwelt,2,Kriegerin,,,,[],3,1,0,1,1,0,"{""kosten_ehre"": 3, ""text"": ""Diese Bezwingerin bleibt für 1 Kampfrunde von physischem Schaden unberührt."", ""dauer_kr"": 1}","[{""trigger"": ""wonder"", ""engine_key"": ""martha2"", ""duration_rounds"": 1, ""physical_damage_immunity"": true}]","[""wunder"", ""kampfrundendauer"", ""physischer_schaden"", ""immunitaet""]",wonder,,,Diese Bezwingerin bleibt für 1 Kampfrunde von physischem Schaden unberührt.,
1.03-23-32-25356d67,Entwicklungskarten/1.03-23-32-25356d67.webp,Wiederbelebungsapparatur,Entwicklungskarten,entwicklung,ZUFLUCHT,Zuflucht,True,Zuflucht/1.03-22-32-0d7d0d97.webp,Oberwelt,2,,,,,[],6,0,0,0,0,0,"{""kosten_ehre"": 2, ""effekt_text"": ""Ziehe eine Karte von einem der Hauptstapel.""}","[{""typ"": ""beim_ausspielen"", ""einmalig"": true, ""auswahl"": [""+1 Physische Stärke"", ""+1 ASTRAL-Stärke""], ""effekt_text"": ""Beim Ausspielen wähle: Füge dieser Zuflucht 1 Physische Stärke oder 1 ASTRAL-Stärke hinzu.""}, {""typ"": ""angriffsregel"", ""trigger"": ""Ansturmphase"", ""effekt_text"": ""Diese Zuflucht kann nur angreifen, wenn auf der eigenen Spielfeldseite keine Bezwingerin vorhanden ist.""}]","[""angriff_nur_ohne_eigene_bezwingerin"", ""beim_ausspielen_staerke_wahl"", ""zuflucht""]",,,,,
1.03-27-32-d286351b,Entwicklungskarten/1.03-27-32-d286351b.webp,Q.U.E.E.N.,Entwicklungskarten,entwicklung,BEZWINGERIN,Bezwingerin,True,Bezwingerin/1.03-24-32-a280cfe8.webp,Fraktionslos,2,Heilerin,,,,[],2,0,1,2,1,0,"{""kosten_ehre"": 2, ""text"": ""Nimm aus deiner Ablage eine Z.E.R.O. ATK oder Z.E.R.O. ASTRAL auf deine Hand. Die aktuellen Wunder-Kosten steigen um 1 Ehre.""}","[{""trigger"": ""wonder"", ""engine_key"": ""queen2"", ""source"": ""own_discard"", ""names"": [""Z.E.R.O. ATK"", ""Z.E.R.O. ASTRAL""], ""destination"": ""hand"", ""increase_future_cost"": 1}]","[""fraktionslos"", ""wunder"", ""ablage"", ""zero"", ""steigende_kosten""]",wonder,,,Nimm aus deiner Ablage eine Z.E.R.O. ATK oder Z.E.R.O. ASTRAL auf deine Hand. Die aktuellen Wunder-Kosten steigen um 1 Ehre.,
1.02-12-32-36ff280d,Entwicklungskarten/1.02-12-32-36ff280d.webp,Infernalia Unterweltportal,Entwicklungskarten,entwicklung,ZUFLUCHT,Zuflucht,True,Zuflucht/1.02-11-32-fb6715c3.webp,Unterwelt,2,,,,,[],6,0,0,0,0,0,"{""kosten_ehre"": 2, ""effekt_text"": ""Ziehe eine Karte von einem der Hauptstapel.""}","[{""typ"": ""beim_ausspielen"", ""einmalig"": true, ""auswahl"": [""+1 Physische Stärke"", ""+1 ASTRAL-Stärke""], ""effekt_text"": ""Beim Ausspielen wähle: Füge dieser Zuflucht 1 Physische Stärke oder 1 ASTRAL-Stärke hinzu.""}, {""typ"": ""angriffsregel"", ""trigger"": ""Ansturmphase"", ""effekt_text"": ""Diese Zuflucht kann nur angreifen, wenn auf der eigenen Spielfeldseite keine Bezwingerin vorhanden ist.""}]","[""angriff_nur_ohne_eigene_bezwingerin"", ""beim_ausspielen_staerke_wahl"", ""zuflucht""]",,,,,
1.02-16-32-e8a93145,Entwicklungskarten/1.02-16-32-e8a93145.webp,Die grausame Usurpatorin Baronesse Effrayer,Entwicklungskarten,entwicklung,BEZWINGERIN,Bezwingerin,True,Bezwingerin/1.02-13-32-a55290d6.webp,Unterwelt,2,Kriegerin,,,,[],4,1,0,0,0,0,"{""kosten_ehre"": 2, ""text"": ""Wenn diese Bezwingerin eine gegnerische Bezwingerin in ihrer Ansturmphase angreift und diese weniger aktuelle Herzen als ihren Basiswert hat, erhält diese Bezwingerin für diesen Kampf +1 physische Stärke.""}","[{""trigger"": ""wonder"", ""engine_key"": ""baronesse2"", ""requires_attack_phase"": ""rush"", ""target_type"": ""enemy_bez"", ""condition"": ""target_current_hearts_below_base"", ""physical_bonus"": 1, ""duration"": ""one_combat""}]","[""vengeresse""]",wonder,,,"Wenn diese Bezwingerin eine gegnerische Bezwingerin in ihrer Ansturmphase angreift und diese weniger aktuelle Herzen als ihren Basiswert hat, erhält diese Bezwingerin für diesen Kampf +1 physische Stärke.",
1.02-23-32-660efa74,Entwicklungskarten/1.02-23-32-660efa74.webp,Mausoleum der Rachsucht,Entwicklungskarten,entwicklung,ZUFLUCHT,Zuflucht,True,Zuflucht/1.02-22-32-e327b014.webp,Unterwelt,2,,,,,[],6,0,0,0,0,0,"{""kosten_ehre"": 2, ""effekt_text"": ""Ziehe eine Karte von einem der Hauptstapel.""}","[{""typ"": ""beim_ausspielen"", ""einmalig"": true, ""auswahl"": [""+1 Physische Stärke"", ""+1 ASTRAL-Stärke""], ""effekt_text"": ""Beim Ausspielen wähle: Füge dieser Zuflucht 1 Physische Stärke oder 1 ASTRAL-Stärke hinzu.""}, {""typ"": ""angriffsregel"", ""trigger"": ""Ansturmphase"", ""effekt_text"": ""Diese Zuflucht kann nur angreifen, wenn auf der eigenen Spielfeldseite keine Bezwingerin vorhanden ist.""}]","[""angriff_nur_ohne_eigene_bezwingerin"", ""beim_ausspielen_staerke_wahl"", ""zuflucht""]",,,,,
1.02-27-32-2ee29192,Entwicklungskarten/1.02-27-32-2ee29192.webp,Die oberste Heilpriesterin Lilou Guerir,Entwicklungskarten,entwicklung,BEZWINGERIN,Bezwingerin,True,Bezwingerin/1.02-24-32-96bd7e4f.webp,Unterwelt,2,Heilerin,,,,[],3,1,0,0,1,0,"{""kosten_ehre"": 3, ""text"": ""Wähle eine Bezwingerin der Stufe 1 aus deiner Ablage. Rekrutiere sie auf eine freie Bezwingerinnen-Feldposition. Setze ihre Basiswerte auf Herzen 2, physische Stärke 0 und Ehre 0. Lege eine ihrer Entwicklungen zurück in dein Entwicklungsdeck. Die aktuellen Wunder-Kosten steigen um 1 Ehre.""}","[{""trigger"": ""wonder"", ""engine_key"": ""lilou2"", ""source"": ""own_discard"", ""filter_stage"": 1, ""destination"": ""free_bez_slot"", ""override_base"": {""hearts"": 2, ""physical"": 0, ""honor"": 0}, ""return_one_matching_development_to_development_deck"": true, ""increase_future_cost"": 1}]","[""vengeresse""]",wonder,,,"Wähle eine Bezwingerin der Stufe 1 aus deiner Ablage, falls möglich. Rekrutiere diese auf eine freie Bezwingerinnen-Feldposition auf deinem Spielfeld und passe die Basiswerte an: Herzen = 2, physische Stärke = 0 und Ehre = 0. Lege eine ihrer Entwicklungen zurück in dein Entwicklungsdeck. Die aktuellen Wunder-Kosten steigen um 1 Ehre.",
1.05-05-32-3a672987,Entwicklungskarten/1.05-05-32-3a672987.webp,Rebellin der Leere Trix Sigma,Entwicklungskarten,entwicklung,BEZWINGERIN,Bezwingerin,True,Bezwingerin/1.05-03-32-8b1bc93e.webp,Zwischenwelt,2,Kriegerin,,,,[],4,0,1,0,0,0,"{""kosten_ehre"": 3, ""text"": ""Wandle von dieser Bezwingerin 1 ASTRAL-Stärke in 1 physische Stärke um oder umgekehrt.""}","[{""trigger"": ""wonder"", ""engine_key"": ""trix2"", ""conversion"": ""astral_physical_strength""}]",[],wonder,,,Wandle von dieser Bezwingerin 1 ASTRAL-Stärke in 1 physische Stärke um oder umgekehrt.,
1.05-18-32-7be7cb45,Entwicklungskarten/1.05-18-32-7be7cb45.webp,Die Spitze der Herrschaft Khar Zirah,Entwicklungskarten,entwicklung,ZUFLUCHT,Zuflucht,True,Zuflucht/1.05-17-32-4bfcb0ce.webp,Zwischenwelt,2,,,,,[],6,0,0,0,0,0,"{""kosten_ehre"": 2, ""effekt_text"": ""Ziehe eine Karte von einem der Hauptstapel.""}","[{""typ"": ""beim_ausspielen"", ""einmalig"": true, ""auswahl"": [""+1 Physische Stärke"", ""+1 ASTRAL-Stärke""], ""effekt_text"": ""Beim Ausspielen wähle: Füge dieser Zuflucht 1 Physische Stärke oder 1 ASTRAL-Stärke hinzu.""}, {""typ"": ""angriffsregel"", ""trigger"": ""Ansturmphase"", ""effekt_text"": ""Diese Zuflucht kann nur angreifen, wenn auf der eigenen Spielfeldseite keine Bezwingerin vorhanden ist.""}]","[""angriff_nur_ohne_eigene_bezwingerin"", ""beim_ausspielen_staerke_wahl"", ""zuflucht""]",,,,,
1.05-22-32-86b7a35a,Entwicklungskarten/1.05-22-32-86b7a35a.webp,Pharaonin der Zeit Thal Ziris,Entwicklungskarten,entwicklung,BEZWINGERIN,Bezwingerin,True,Bezwingerin/1.05-19-32-6137cea7.webp,Zwischenwelt,2,Magierin,,,,[],3,0,1,1,0,0,"{""kosten_ehre"": 2, ""text"": ""Erhöhe oder verringere die aktuelle Kampfrundendauer einer eigenen oder gegnerischen Karte um 1. Eigene Waffen können nicht gewählt werden. Bei einer eigenen Karte kostet dieses Wunder 1 Ehre zusätzlich.""}","[{""trigger"": ""wonder"", ""engine_key"": ""thal2"", ""ziel_besitzer"": ""eigen_oder_gegnerisch"", ""aenderung_kampfrundendauer"": [-1, 1], ""eigene_waffen_ausgeschlossen"": true, ""zusatzkosten_eigene_karte"": 1}]","[""kampfrundendauer"", ""zeitzähler"", ""ziel_eigen_oder_gegnerisch""]",wonder,,,Erhöhe oder verringere die aktuelle Kampfrundendauer einer eigenen oder gegnerischen Karte um 1 (nicht bei eigenen Waffen). Bei einer eigenen Karte kostet dieses Wunder 1 Ehre zusätzlich.,
